ID,PoseLabel
74866.jpg,0_3_61
74868.jpg,4_16_44
74873.jpg,5_18_7
74882.jpg,4_13_48
74885.jpg,4_13_48
74886.jpg,5_19_2
74889.jpg,4_16_26
74894.jpg,5_17_71
74902.jpg,4_16_42
74933.jpg,1_4_59
74945.jpg,0_3_74
74954.jpg,4_13_48
74958.jpg,0_3_62
74963.jpg,1_4_57
74966.jpg,2_10_46
74969.jpg,0_2_31
74970.jpg,0_3_73
74987.jpg,0_2_21
74989.jpg,0_3_61
75003.jpg,4_16_15
75007.jpg,1_6_58
75008.jpg,5_18_7
75015.jpg,4_14_20
75019.jpg,4_14_10
75035.jpg,4_16_42
75039.jpg,4_14_27
75046.jpg,0_2_22
75049.jpg,2_10_46
75057.jpg,2_9_53
75059.jpg,5_17_71
75061.jpg,0_1_60
75063.jpg,4_14_10
75075.jpg,3_11_23
75079.jpg,0_3_74
75080.jpg,4_16_15
75082.jpg,5_17_70
75092.jpg,5_17_70
75107.jpg,4_16_44
75110.jpg,1_4_28
75113.jpg,2_9_50
75116.jpg,1_4_57
75117.jpg,4_13_25
75118.jpg,5_17_6
75123.jpg,3_11_32
75131.jpg,5_18_7
75132.jpg,5_17_5
75133.jpg,0_2_81
75137.jpg,3_11_37
75138.jpg,2_9_53
75143.jpg,0_3_74
75144.jpg,0_0_18
75146.jpg,0_2_40
75154.jpg,3_12_51
75157.jpg,2_9_11
75158.jpg,5_17_5
75159.jpg,1_4_57
75162.jpg,0_2_31
75166.jpg,0_3_73
75168.jpg,4_16_44
75169.jpg,4_13_33
75173.jpg,1_6_58
75194.jpg,1_8_0
75195.jpg,0_3_74
75198.jpg,1_7_34
75203.jpg,4_15_54
75204.jpg,0_1_16
75216.jpg,3_12_51
75219.jpg,1_8_47
75225.jpg,2_10_19
75226.jpg,4_13_25
75233.jpg,4_14_10
75236.jpg,4_13_80
75239.jpg,1_5_72
75240.jpg,4_14_9
75241.jpg,0_2_22
75246.jpg,0_0_8
75249.jpg,3_11_37
75256.jpg,1_4_28
75261.jpg,2_9_14
75271.jpg,2_10_46
75272.jpg,3_12_45
75275.jpg,4_13_79
75280.jpg,4_16_26
75284.jpg,5_17_43
75286.jpg,0_2_75
75287.jpg,2_9_50
75291.jpg,0_1_60
75295.jpg,1_5_72
75296.jpg,3_11_23
75298.jpg,4_13_79
75308.jpg,0_0_8
75311.jpg,5_17_78
75319.jpg,1_5_30
75323.jpg,5_17_43
75327.jpg,5_19_4
75329.jpg,0_3_73
75330.jpg,1_6_58
75334.jpg,5_17_43
75343.jpg,0_0_8
75347.jpg,2_10_46
75353.jpg,1_4_57
75373.jpg,0_3_74
75376.jpg,4_14_9
75377.jpg,5_17_69
75379.jpg,1_7_49
75380.jpg,5_17_71
75381.jpg,0_3_61
75382.jpg,0_2_75
75386.jpg,1_5_13
75392.jpg,4_16_42
75399.jpg,0_2_75
75403.jpg,4_13_48
75407.jpg,4_13_12
75419.jpg,1_4_59
75422.jpg,3_12_51
75426.jpg,0_2_75
75428.jpg,4_16_15
75442.jpg,4_14_20
75444.jpg,1_5_1
75452.jpg,4_13_66
75453.jpg,3_11_32
75454.jpg,0_3_61
75455.jpg,3_11_23
75461.jpg,0_0_18
75468.jpg,2_9_14
75469.jpg,0_2_81
75470.jpg,1_8_35
75474.jpg,5_17_69
75476.jpg,4_13_48
75481.jpg,0_2_21
75483.jpg,4_16_26
75484.jpg,0_1_16
75487.jpg,4_13_12
75497.jpg,0_3_39
75499.jpg,4_13_79
75504.jpg,1_5_30
75511.jpg,4_14_20
75518.jpg,1_5_30
75523.jpg,2_9_24
75530.jpg,1_7_52
75537.jpg,3_12_45
75553.jpg,0_3_39
75559.jpg,4_13_79
75565.jpg,0_1_60
75574.jpg,4_15_54
75578.jpg,1_7_67
75580.jpg,2_10_46
75592.jpg,0_0_18
75608.jpg,2_10_55
75617.jpg,4_16_42
75633.jpg,3_11_32
75638.jpg,0_3_73
75647.jpg,4_13_33
75651.jpg,1_4_41
75653.jpg,2_10_46
75656.jpg,5_17_6
75659.jpg,5_18_7
75668.jpg,0_2_81
75669.jpg,0_2_40
75672.jpg,5_17_6
75676.jpg,0_3_61
75685.jpg,1_5_13
75689.jpg,4_14_38
75709.jpg,1_8_0
75711.jpg,4_13_12
75728.jpg,1_5_1
75735.jpg,1_7_52
75744.jpg,5_19_4
75746.jpg,2_9_53
75756.jpg,0_2_21
75757.jpg,1_7_34
75762.jpg,0_2_31
75781.jpg,4_14_20
75785.jpg,4_13_25
75804.jpg,4_13_66
75823.jpg,3_11_37
75827.jpg,0_1_16
75829.jpg,1_7_67
75837.jpg,3_11_63
75842.jpg,0_2_31
75843.jpg,5_18_7
75846.jpg,0_2_75
75863.jpg,1_7_34
75877.jpg,5_17_78
75883.jpg,4_13_65
75887.jpg,1_6_58
75888.jpg,4_13_12
75897.jpg,0_1_77
75908.jpg,4_14_10
75912.jpg,2_9_14
75915.jpg,0_3_39
75919.jpg,2_10_19
75920.jpg,0_2_22
75927.jpg,1_4_57
75938.jpg,0_3_39
75940.jpg,4_16_26
75944.jpg,1_6_76
75948.jpg,1_6_58
75952.jpg,0_3_39
75958.jpg,0_0_18
75962.jpg,1_7_52
75970.jpg,4_13_66
75978.jpg,4_15_54
75985.jpg,5_17_5
75991.jpg,1_4_28
75992.jpg,0_1_17
76001.jpg,2_9_24
76005.jpg,2_10_55
76006.jpg,1_5_1
76008.jpg,1_5_1
76010.jpg,1_6_58
76012.jpg,5_17_71
76020.jpg,5_19_2
76023.jpg,5_17_6
76037.jpg,1_4_3
76044.jpg,2_9_50
76048.jpg,0_1_77
76049.jpg,0_3_39
76051.jpg,0_3_61
76054.jpg,0_0_68
76055.jpg,4_15_54
76066.jpg,1_6_58
76072.jpg,4_14_38
76074.jpg,2_9_11
76088.jpg,5_17_78
76092.jpg,4_13_33
76093.jpg,0_1_36
76100.jpg,0_2_75
76113.jpg,3_11_37
76122.jpg,0_1_17
76125.jpg,4_13_65
76133.jpg,5_17_70
76137.jpg,0_1_17
76143.jpg,1_5_30
76144.jpg,4_14_10
76147.jpg,4_16_15
76156.jpg,0_1_16
76167.jpg,1_5_13
76169.jpg,0_1_16
76171.jpg,0_2_40
76174.jpg,1_8_0
76179.jpg,3_12_51
76180.jpg,1_5_30
76189.jpg,0_2_22
76212.jpg,1_8_0
76213.jpg,0_2_75
76234.jpg,3_11_23
76244.jpg,0_2_22
76256.jpg,4_14_9
76270.jpg,1_4_41
76272.jpg,4_13_80
76280.jpg,2_9_53
76282.jpg,3_11_64
76283.jpg,5_17_69
76289.jpg,4_14_38
76292.jpg,2_9_11
76304.jpg,5_19_4
76307.jpg,1_5_13
76309.jpg,1_8_0
76310.jpg,1_4_41
76317.jpg,0_3_73
76318.jpg,0_2_75
76326.jpg,0_2_22
76344.jpg,2_10_19
76345.jpg,2_10_46
76350.jpg,3_11_23
76356.jpg,5_17_78
76359.jpg,4_13_48
76360.jpg,5_17_6
76367.jpg,0_3_61
76368.jpg,0_1_77
76369.jpg,4_14_38
76387.jpg,0_1_60
76397.jpg,0_2_29
76398.jpg,0_2_31
76400.jpg,4_16_26
76405.jpg,2_10_19
76408.jpg,4_13_65
76412.jpg,1_4_3
76415.jpg,4_14_9
76418.jpg,2_10_46
76424.jpg,1_8_47
76427.jpg,4_16_42
76442.jpg,0_2_21
76447.jpg,2_9_24
76451.jpg,4_13_12
76452.jpg,4_15_54
76455.jpg,5_19_2
76464.jpg,0_1_60
76465.jpg,4_13_65
76482.jpg,2_10_46
76486.jpg,4_14_10
76490.jpg,2_9_50
76495.jpg,4_14_38
76497.jpg,4_13_66
76498.jpg,1_8_0
76502.jpg,3_11_32
76506.jpg,0_2_75
76523.jpg,4_13_12
76525.jpg,3_11_64
76528.jpg,2_9_50
76531.jpg,1_5_30
76536.jpg,4_13_33
76537.jpg,4_13_80
76538.jpg,4_16_44
76549.jpg,4_13_12
76551.jpg,1_4_59
76583.jpg,1_5_1
76591.jpg,2_9_24
76596.jpg,5_17_70
76604.jpg,0_3_61
76607.jpg,4_14_38
76609.jpg,4_13_66
76611.jpg,4_14_9
76622.jpg,0_2_31
76633.jpg,0_3_61
76638.jpg,4_15_56
76642.jpg,4_16_44
76652.jpg,0_2_21
76653.jpg,0_3_62
76658.jpg,1_4_28
76661.jpg,5_17_6
76679.jpg,4_14_38
76688.jpg,0_3_61
76691.jpg,1_4_3
76693.jpg,1_6_76
76705.jpg,4_13_79
76710.jpg,3_12_51
76711.jpg,5_17_5
76727.jpg,5_18_7
76734.jpg,3_12_51
76740.jpg,2_9_53
76745.jpg,0_3_39
76764.jpg,2_10_55
76772.jpg,2_9_11
76775.jpg,2_9_14
76781.jpg,4_15_54
76783.jpg,4_16_15
76786.jpg,0_3_61
76789.jpg,1_4_41
76800.jpg,3_12_45
76809.jpg,5_19_4
76811.jpg,4_13_80
76813.jpg,4_13_66
76814.jpg,3_11_23
76815.jpg,4_13_48
76816.jpg,2_9_24
76826.jpg,3_12_51
76844.jpg,4_13_65
76847.jpg,0_0_18
76848.jpg,4_14_20
76861.jpg,3_11_63
76879.jpg,4_13_65
76883.jpg,2_10_19
76884.jpg,3_11_63
76886.jpg,2_9_14
76890.jpg,1_5_30
76907.jpg,0_1_77
76911.jpg,2_10_19
76912.jpg,1_4_59
76915.jpg,1_5_72
76923.jpg,4_13_80
76924.jpg,0_2_22
76931.jpg,4_14_9
76934.jpg,0_2_31
76939.jpg,0_2_22
76945.jpg,1_6_58
76951.jpg,1_4_41
76955.jpg,0_1_36
76958.jpg,4_16_44
76959.jpg,3_12_51
76970.jpg,3_11_32
76980.jpg,1_8_0
76981.jpg,1_8_35
76984.jpg,4_16_44
76989.jpg,2_10_46
76992.jpg,4_16_42
76998.jpg,0_2_21
77002.jpg,3_11_63
77005.jpg,5_17_69
77009.jpg,0_1_17
77011.jpg,3_11_32
77016.jpg,0_3_61
77018.jpg,1_4_59
77025.jpg,1_5_13
77030.jpg,0_2_81
77031.jpg,1_4_3
77033.jpg,4_13_48
77038.jpg,4_16_42
77039.jpg,3_11_23
77048.jpg,0_0_8
77052.jpg,1_7_34
77057.jpg,0_2_21
77059.jpg,0_2_81
77060.jpg,1_5_30
77063.jpg,2_9_14
77075.jpg,3_11_64
77077.jpg,4_13_80
77109.jpg,0_2_81
77111.jpg,0_3_39
77120.jpg,1_4_57
77121.jpg,4_14_10
77125.jpg,1_4_41
77128.jpg,1_5_30
77131.jpg,0_3_61
77139.jpg,4_13_12
77141.jpg,0_1_77
77143.jpg,1_5_1
77145.jpg,0_3_61
77148.jpg,1_7_67
77149.jpg,0_1_17
77151.jpg,3_11_37
77165.jpg,3_12_45
77168.jpg,1_4_41
77171.jpg,4_13_25
77175.jpg,0_1_36
77187.jpg,0_2_75
77188.jpg,0_3_39
77189.jpg,0_0_8
77192.jpg,1_8_35
77197.jpg,0_1_17
77203.jpg,4_14_27
77205.jpg,1_7_52
77214.jpg,3_12_45
77226.jpg,3_11_37
77227.jpg,0_2_22
77237.jpg,3_11_23
77243.jpg,3_11_64
77251.jpg,0_2_31
77254.jpg,0_2_31
77257.jpg,4_14_38
77267.jpg,1_4_59
77273.jpg,4_13_80
77275.jpg,3_11_64
77279.jpg,4_13_25
77280.jpg,5_17_71
77297.jpg,2_10_19
77298.jpg,3_11_64
77307.jpg,2_9_24
77308.jpg,5_17_43
77323.jpg,1_8_35
77326.jpg,4_13_66
77329.jpg,0_1_77
77335.jpg,4_13_25
77340.jpg,1_7_52
77343.jpg,4_13_48
77349.jpg,4_13_79
77350.jpg,4_16_15
77352.jpg,3_11_63
77362.jpg,0_3_62
77363.jpg,2_10_19
77367.jpg,5_18_7
77377.jpg,2_10_46
77393.jpg,0_1_60
77403.jpg,4_16_44
77414.jpg,0_2_29
77417.jpg,2_9_24
77423.jpg,4_15_54
77425.jpg,0_3_74
77429.jpg,1_4_3
77430.jpg,1_4_59
77439.jpg,4_16_15
77445.jpg,1_8_47
77446.jpg,4_13_80
77449.jpg,0_3_62
77452.jpg,5_19_2
77454.jpg,3_11_63
77459.jpg,4_14_20
77463.jpg,4_14_9
77476.jpg,1_8_0
77477.jpg,3_11_23
77480.jpg,3_11_32
77492.jpg,2_9_24
77500.jpg,4_13_33
77501.jpg,4_13_33
77504.jpg,4_14_10
77510.jpg,5_17_6
77523.jpg,0_3_74
77531.jpg,1_7_49
77543.jpg,1_5_30
77544.jpg,3_11_23
77564.jpg,2_10_55
77565.jpg,3_11_63
77573.jpg,5_19_4
77578.jpg,3_11_23
77579.jpg,3_11_64
77580.jpg,0_2_81
77584.jpg,4_15_54
77586.jpg,0_2_29
77589.jpg,1_5_1
77594.jpg,1_8_0
77604.jpg,0_2_75
77612.jpg,0_2_29
77624.jpg,0_3_62
77629.jpg,3_12_45
77648.jpg,0_2_81
77651.jpg,2_9_14
77653.jpg,4_14_9
77659.jpg,3_11_23
77665.jpg,1_4_41
77668.jpg,4_14_38
77671.jpg,0_2_21
77680.jpg,1_7_52
77685.jpg,0_2_75
77692.jpg,1_5_72
77694.jpg,4_16_42
77703.jpg,2_10_19
77706.jpg,1_8_47
77708.jpg,2_10_55
77712.jpg,1_5_1
77726.jpg,1_4_57
77728.jpg,1_7_34
77730.jpg,3_11_64
77731.jpg,0_2_40
77740.jpg,0_2_31
77743.jpg,3_11_63
77744.jpg,0_0_68
77747.jpg,0_2_75
77750.jpg,1_5_72
77752.jpg,4_14_20
77755.jpg,5_19_2
77757.jpg,0_0_68
77761.jpg,2_9_14
77763.jpg,5_17_43
77774.jpg,3_11_37
77777.jpg,4_14_38
77779.jpg,3_11_32
77782.jpg,4_13_25
77805.jpg,1_5_1
77807.jpg,2_9_11
77810.jpg,1_4_41
77831.jpg,4_14_20
77834.jpg,4_15_56
77836.jpg,0_0_68
77842.jpg,0_2_75
77846.jpg,3_11_37
77864.jpg,1_4_57
77871.jpg,4_13_65
77873.jpg,5_17_5
77876.jpg,4_15_54
77884.jpg,5_17_70
77887.jpg,1_8_35
77889.jpg,0_1_60
77892.jpg,0_2_29
77895.jpg,3_11_32
77904.jpg,5_19_2
77906.jpg,1_4_3
77910.jpg,2_10_46
77912.jpg,5_17_69
77919.jpg,2_9_11
77930.jpg,4_16_15
77931.jpg,1_4_57
77941.jpg,4_16_26
77943.jpg,1_8_47
77944.jpg,4_14_38
77946.jpg,0_2_75
77947.jpg,1_5_1
77948.jpg,1_5_72
77959.jpg,3_11_23
77960.jpg,0_3_62
77961.jpg,5_17_71
77973.jpg,0_3_39
77979.jpg,1_8_0
77996.jpg,4_15_56
78005.jpg,0_2_31
78007.jpg,4_16_42
78008.jpg,0_2_81
78016.jpg,0_1_77
78026.jpg,1_8_0
78030.jpg,4_16_26
78035.jpg,1_5_1
78047.jpg,4_13_66
78049.jpg,4_14_38
78062.jpg,1_7_52
78063.jpg,2_9_11
78064.jpg,5_17_70
78066.jpg,4_13_25
78069.jpg,1_5_72
78074.jpg,4_16_42
78077.jpg,4_13_65
78078.jpg,1_8_35
78086.jpg,1_5_1
78096.jpg,5_18_7
78099.jpg,2_9_24
78100.jpg,4_14_38
78101.jpg,0_2_29
78102.jpg,0_3_62
78105.jpg,0_3_62
78112.jpg,0_2_22
78117.jpg,1_7_52
78118.jpg,0_3_73
78121.jpg,4_15_54
78123.jpg,5_17_69
78132.jpg,0_2_81
78133.jpg,0_3_62
78136.jpg,4_13_66
78140.jpg,0_3_74
78145.jpg,4_15_54
78146.jpg,2_10_55
78147.jpg,5_19_2
78149.jpg,2_10_55
78151.jpg,1_4_57
78158.jpg,4_16_26
78160.jpg,1_4_59
78161.jpg,1_4_57
78177.jpg,4_13_65
78178.jpg,1_5_1
78185.jpg,4_13_80
78188.jpg,1_5_1
78190.jpg,1_4_59
78198.jpg,1_7_34
78199.jpg,0_1_77
78206.jpg,4_13_65
78212.jpg,0_0_18
78213.jpg,0_3_39
78214.jpg,1_4_41
78224.jpg,3_11_23
78225.jpg,4_16_44
78232.jpg,4_14_38
78239.jpg,1_7_49
78241.jpg,3_11_23
78249.jpg,4_16_15
78251.jpg,4_14_9
78259.jpg,0_3_73
78260.jpg,0_1_16
78263.jpg,1_6_76
78264.jpg,4_14_9
78283.jpg,3_11_63
78284.jpg,3_11_32
78307.jpg,0_2_75
78311.jpg,4_13_12
78312.jpg,1_7_52
78324.jpg,1_8_0
78328.jpg,3_11_37
78334.jpg,5_19_2
78338.jpg,4_13_66
78347.jpg,0_2_22
78348.jpg,5_17_5
78351.jpg,0_2_75
78366.jpg,0_0_18
78372.jpg,2_9_53
78374.jpg,1_5_30
78377.jpg,4_13_66
78379.jpg,1_7_52
78380.jpg,4_14_20
78381.jpg,4_14_9
78388.jpg,4_16_44
78395.jpg,4_14_9
78396.jpg,0_2_31
78406.jpg,0_2_22
78408.jpg,5_19_2
78410.jpg,4_13_80
78411.jpg,1_6_58
78414.jpg,1_4_3
78416.jpg,1_7_49
78417.jpg,0_1_17
78418.jpg,3_11_32
78425.jpg,0_3_62
78428.jpg,5_17_70
78434.jpg,4_13_65
78438.jpg,4_13_12
78441.jpg,1_7_67
78447.jpg,2_9_14
78450.jpg,2_9_53
78456.jpg,0_3_73
78469.jpg,3_12_45
78473.jpg,5_17_43
78487.jpg,2_9_24
78488.jpg,5_17_69
78491.jpg,4_14_38
78494.jpg,4_16_15
78506.jpg,3_11_23
78511.jpg,0_1_77
78520.jpg,4_13_80
78522.jpg,3_12_45
78524.jpg,1_8_47
78541.jpg,1_8_47
78545.jpg,0_0_68
78548.jpg,4_16_15
78549.jpg,1_7_34
78554.jpg,1_5_1
78556.jpg,1_5_72
78558.jpg,0_0_8
78559.jpg,5_17_70
78561.jpg,0_2_31
78569.jpg,0_0_8
78584.jpg,4_16_15
78587.jpg,5_17_71
78611.jpg,3_11_63
78618.jpg,4_16_15
78645.jpg,4_15_56
78646.jpg,3_11_64
78650.jpg,1_5_13
78652.jpg,3_12_51
78661.jpg,1_4_57
78672.jpg,0_3_62
78675.jpg,2_9_14
78676.jpg,3_11_23
78682.jpg,2_10_55
78686.jpg,5_17_69
78695.jpg,4_13_25
78701.jpg,4_13_66
78712.jpg,4_13_48
78717.jpg,1_4_41
78718.jpg,1_5_13
78727.jpg,4_16_26
78736.jpg,5_17_69
78742.jpg,4_16_44
78743.jpg,4_13_25
78760.jpg,5_19_2
78768.jpg,4_15_54
78770.jpg,1_4_57
78776.jpg,2_10_46
78778.jpg,0_2_75
78788.jpg,1_8_47
78789.jpg,1_5_30
78812.jpg,3_11_64
78815.jpg,5_17_6
78820.jpg,0_2_22
78830.jpg,0_1_77
78832.jpg,1_8_47
78833.jpg,1_8_0
78837.jpg,0_1_17
78841.jpg,4_13_79
78853.jpg,2_9_24
78855.jpg,0_2_31
78863.jpg,0_2_75
78865.jpg,3_11_37
78866.jpg,0_2_81
78871.jpg,1_5_72
78873.jpg,4_13_33
78877.jpg,4_14_20
78883.jpg,0_3_74
78889.jpg,4_15_56
78892.jpg,1_4_59
78895.jpg,4_15_54
78901.jpg,1_8_47
78917.jpg,1_4_28
78921.jpg,2_10_55
78924.jpg,5_17_78
78928.jpg,5_17_70
78930.jpg,0_1_17
78938.jpg,1_7_67
78940.jpg,0_2_40
78943.jpg,3_11_64
78944.jpg,5_18_7
78957.jpg,1_6_76
78962.jpg,3_11_37
78965.jpg,1_7_34
78966.jpg,4_15_56
78967.jpg,1_6_76
78969.jpg,0_3_74
78975.jpg,3_11_63
78981.jpg,0_2_31
78983.jpg,4_13_66
78986.jpg,1_4_28
78987.jpg,0_1_16
78990.jpg,4_13_65
78993.jpg,5_18_7
78998.jpg,5_17_43
79000.jpg,1_4_28
79002.jpg,4_14_9
79005.jpg,1_5_13
79015.jpg,0_3_62
79018.jpg,5_19_2
79027.jpg,4_13_80
79029.jpg,0_3_73
79037.jpg,3_11_64
79043.jpg,0_3_74
79050.jpg,0_3_39
79051.jpg,5_19_4
79052.jpg,1_5_72
79061.jpg,4_14_10
79062.jpg,3_11_63
79078.jpg,1_7_52
79079.jpg,2_9_50
79091.jpg,5_19_4
79095.jpg,4_14_9
79099.jpg,4_14_38
79102.jpg,0_1_77
79103.jpg,1_8_35
79105.jpg,0_2_75
79111.jpg,1_7_52
79112.jpg,1_5_1
79121.jpg,3_11_23
79124.jpg,4_13_48
79137.jpg,3_11_63
79146.jpg,0_2_21
79151.jpg,1_8_47
79154.jpg,0_2_75
79164.jpg,5_19_4
79165.jpg,5_19_2
79170.jpg,1_5_30
79172.jpg,0_2_29
79175.jpg,0_3_73
79178.jpg,5_17_6
79185.jpg,2_10_46
79189.jpg,2_9_24
79199.jpg,2_9_53
79203.jpg,2_9_50
79209.jpg,3_12_51
79210.jpg,4_14_38
79221.jpg,3_11_64
79228.jpg,0_3_39
79238.jpg,4_15_56
79244.jpg,0_3_62
79279.jpg,0_2_31
79286.jpg,4_14_10
79291.jpg,2_9_11
79295.jpg,1_5_72
79303.jpg,1_5_72
79308.jpg,5_17_43
79311.jpg,1_6_76
79316.jpg,2_9_14
79317.jpg,4_13_48
79322.jpg,5_19_2
79330.jpg,3_11_64
79341.jpg,1_4_41
79348.jpg,0_2_29
79358.jpg,1_8_0
79369.jpg,4_13_65
79376.jpg,2_9_14
79393.jpg,0_0_18
79398.jpg,1_8_35
79400.jpg,2_10_46
79409.jpg,1_7_49
79412.jpg,5_17_6
79415.jpg,1_5_13
79419.jpg,3_11_64
79421.jpg,0_3_74
79423.jpg,1_7_49
79446.jpg,0_0_18
79450.jpg,2_9_53
79452.jpg,2_9_53
79455.jpg,5_18_7
79459.jpg,4_13_79
79469.jpg,4_16_42
79474.jpg,1_5_1
79488.jpg,2_9_24
79492.jpg,1_4_28
79501.jpg,5_17_78
79502.jpg,0_2_31
79514.jpg,1_7_34
79515.jpg,4_13_25
79523.jpg,1_5_72
79530.jpg,1_5_30
79541.jpg,4_16_42
79552.jpg,2_9_53
79565.jpg,0_2_29
79568.jpg,1_8_35
79582.jpg,1_8_35
79596.jpg,4_13_80
79599.jpg,1_4_3
79612.jpg,4_13_79
79615.jpg,1_4_59
79617.jpg,0_3_39
79619.jpg,5_17_71
79627.jpg,4_14_10
79630.jpg,2_9_53
79650.jpg,4_13_48
79664.jpg,1_8_0
79671.jpg,5_17_5
79675.jpg,1_8_35
79676.jpg,4_15_56
79677.jpg,1_8_47
79678.jpg,3_11_37
79682.jpg,0_2_81
79683.jpg,0_1_17
79707.jpg,2_9_11
79716.jpg,5_19_4
79729.jpg,2_10_55
79732.jpg,0_3_62
79738.jpg,2_10_19
79748.jpg,0_2_81
79750.jpg,4_16_44
79751.jpg,4_14_9
79756.jpg,0_2_29
79760.jpg,1_7_52
79769.jpg,2_10_46
79778.jpg,1_5_13
79783.jpg,0_2_81
79784.jpg,3_11_64
79788.jpg,2_9_53
79792.jpg,0_2_21
79794.jpg,1_5_13
79801.jpg,3_12_45
79802.jpg,1_4_57
79809.jpg,5_17_78
79816.jpg,4_13_65
79818.jpg,0_0_68
79821.jpg,0_1_60
79826.jpg,1_5_1
79835.jpg,0_1_77
79844.jpg,0_1_16
79850.jpg,5_18_7
79859.jpg,4_13_79
79863.jpg,0_3_74
79875.jpg,5_17_69
79876.jpg,0_3_73
79878.jpg,0_2_22
79883.jpg,2_9_53
79894.jpg,0_1_60
79907.jpg,0_3_73
79913.jpg,1_7_49
79922.jpg,4_13_65
79924.jpg,4_15_56
79939.jpg,1_4_28
79954.jpg,5_17_78
79962.jpg,1_6_58
79966.jpg,5_17_70
79969.jpg,5_17_78
79976.jpg,2_9_11
79984.jpg,4_14_10
79986.jpg,2_10_46
79991.jpg,5_17_78
80003.jpg,0_2_75
80008.jpg,1_8_35
80017.jpg,2_9_11
80018.jpg,1_8_35
80019.jpg,4_16_15
80023.jpg,0_2_75
80024.jpg,4_16_42
80026.jpg,4_14_38
80033.jpg,0_3_73
80046.jpg,0_2_22
80060.jpg,0_2_75
80070.jpg,1_5_72
80073.jpg,4_16_26
80083.jpg,4_13_66
80088.jpg,4_16_44
80100.jpg,4_13_25
80103.jpg,1_5_30
80106.jpg,4_15_56
80109.jpg,1_5_1
80110.jpg,0_3_39
80112.jpg,4_13_33
80113.jpg,0_1_16
80115.jpg,2_9_24
80119.jpg,0_1_16
80124.jpg,5_17_71
80128.jpg,1_7_67
80130.jpg,3_11_37
80132.jpg,5_17_43
80133.jpg,2_9_11
80138.jpg,3_11_63
80142.jpg,1_8_0
80153.jpg,0_3_73
80165.jpg,0_0_8
80179.jpg,1_6_58
80192.jpg,2_9_50
80201.jpg,1_5_13
80202.jpg,1_4_59
80207.jpg,2_9_14
80208.jpg,4_13_25
80213.jpg,3_11_64
80214.jpg,3_12_45
80227.jpg,4_16_42
80230.jpg,5_17_69
80235.jpg,2_10_46
80236.jpg,0_2_40
80248.jpg,5_17_69
80253.jpg,1_4_3
80264.jpg,4_16_42
80266.jpg,0_2_22
80268.jpg,5_17_6
80273.jpg,5_19_4
80276.jpg,4_16_26
80292.jpg,0_0_18
80295.jpg,4_16_42
80301.jpg,1_6_58
80325.jpg,5_19_2
80327.jpg,5_19_2
80328.jpg,3_11_64
80340.jpg,2_9_24
80341.jpg,1_7_52
80344.jpg,4_14_27
80367.jpg,4_14_10
80368.jpg,0_2_75
80393.jpg,5_19_2
80413.jpg,0_3_62
80414.jpg,4_14_20
80416.jpg,0_1_16
80436.jpg,1_5_13
80439.jpg,0_3_62
80459.jpg,4_14_10
80462.jpg,2_9_11
80487.jpg,4_13_80
80489.jpg,1_4_41
80495.jpg,3_11_37
80517.jpg,1_7_67
80522.jpg,1_4_3
80528.jpg,0_3_62
80532.jpg,2_9_11
80539.jpg,5_17_43
80544.jpg,4_13_79
80553.jpg,1_5_13
80560.jpg,1_8_47
80571.jpg,1_5_30
80574.jpg,5_17_70
80585.jpg,1_6_58
80588.jpg,5_19_4
80589.jpg,1_5_1
80607.jpg,5_17_70
80615.jpg,4_15_56
80627.jpg,5_17_78
80634.jpg,4_13_65
80637.jpg,2_9_11
80641.jpg,2_10_55
80646.jpg,3_11_63
80655.jpg,0_1_36
80670.jpg,4_14_9
80672.jpg,1_5_1
80673.jpg,0_3_73
80679.jpg,1_5_13
80691.jpg,0_0_18
80698.jpg,0_3_62
80702.jpg,1_6_58
80705.jpg,4_16_42
80707.jpg,5_17_78
80709.jpg,0_0_18
80711.jpg,5_17_43
80726.jpg,1_7_52
80727.jpg,0_1_60
80739.jpg,2_9_24
80741.jpg,5_17_71
80746.jpg,5_17_5
80763.jpg,4_14_20
80769.jpg,1_8_0
80770.jpg,3_11_63
80777.jpg,3_11_32
80781.jpg,2_9_50
80785.jpg,4_14_27
80789.jpg,0_0_8
80796.jpg,2_10_46
80811.jpg,0_1_17
80819.jpg,5_17_71
80825.jpg,2_9_53
80827.jpg,0_3_61
80828.jpg,1_5_1
80831.jpg,4_14_9
80836.jpg,4_13_79
80842.jpg,4_14_10
80849.jpg,3_12_51
80857.jpg,4_15_54
80860.jpg,4_14_9
80861.jpg,1_4_3
80862.jpg,1_4_41
80864.jpg,1_4_41
80880.jpg,1_5_1
80885.jpg,1_8_35
80889.jpg,5_19_4
80898.jpg,0_1_36
80900.jpg,1_5_30
80901.jpg,0_0_68
80902.jpg,1_8_35
80903.jpg,2_9_14
80908.jpg,0_0_18
80909.jpg,1_4_28
80922.jpg,1_7_67
80929.jpg,4_16_15
80931.jpg,1_7_34
80933.jpg,1_5_1
80934.jpg,0_0_18
80937.jpg,4_13_66
80938.jpg,5_17_5
80962.jpg,4_13_80
80970.jpg,1_7_52
80977.jpg,5_17_70
80979.jpg,1_8_35
80982.jpg,4_13_12
80988.jpg,4_13_12
80996.jpg,4_14_27
81006.jpg,4_15_54
81024.jpg,0_2_22
81046.jpg,4_14_27
81068.jpg,3_11_64
81070.jpg,5_17_5
81074.jpg,4_14_38
81076.jpg,3_11_37
81081.jpg,2_10_46
81089.jpg,1_4_57
81090.jpg,1_7_67
81091.jpg,4_13_79
81095.jpg,4_15_54
81109.jpg,2_9_14
81110.jpg,3_11_37
81114.jpg,5_17_5
81116.jpg,0_1_60
81128.jpg,1_7_34
81131.jpg,5_17_69
81137.jpg,0_1_17
81139.jpg,3_11_23
81140.jpg,0_2_81
81143.jpg,3_11_32
81151.jpg,5_17_71
81154.jpg,0_3_74
81155.jpg,4_13_12
81158.jpg,0_3_39
81184.jpg,5_17_70
81185.jpg,1_6_76
81209.jpg,0_3_62
81218.jpg,5_17_6
81224.jpg,0_3_62
81229.jpg,0_2_31
81235.jpg,3_12_51
81241.jpg,0_2_40
81245.jpg,2_9_24
81246.jpg,3_11_64
81247.jpg,1_7_52
81249.jpg,0_1_77
81250.jpg,5_17_5
81251.jpg,0_2_40
81260.jpg,0_0_8
81261.jpg,4_15_56
81265.jpg,0_0_8
81291.jpg,0_2_22
81294.jpg,4_16_42
81295.jpg,1_8_35
81296.jpg,5_18_7
81300.jpg,4_16_15
81301.jpg,0_3_39
81312.jpg,3_11_63
81313.jpg,2_10_46
81314.jpg,1_4_59
81319.jpg,4_14_20
81327.jpg,0_3_73
81328.jpg,4_13_25
81332.jpg,4_13_48
81337.jpg,0_3_74
81346.jpg,1_8_47
81354.jpg,0_3_39
81358.jpg,0_0_18
81361.jpg,5_17_6
81366.jpg,5_17_43
81376.jpg,0_3_62
81381.jpg,4_14_9
81390.jpg,3_12_45
81392.jpg,2_10_19
81395.jpg,0_1_77
81404.jpg,3_11_23
81405.jpg,0_2_75
81411.jpg,0_3_39
81412.jpg,1_4_41
81432.jpg,4_13_25
81434.jpg,3_12_45
81437.jpg,1_4_57
81445.jpg,1_6_76
81448.jpg,0_3_39
81451.jpg,1_8_47
81452.jpg,0_1_77
81456.jpg,1_8_35
81458.jpg,5_17_43
81463.jpg,0_2_22
81466.jpg,1_5_72
81471.jpg,0_3_62
81472.jpg,0_2_22
81475.jpg,3_11_64
81480.jpg,1_8_47
81481.jpg,5_19_4
81484.jpg,3_12_45
81497.jpg,0_1_16
81501.jpg,2_9_24
81503.jpg,3_12_45
81509.jpg,1_8_0
81510.jpg,1_5_72
81520.jpg,1_8_47
81524.jpg,2_9_53
81527.jpg,1_7_49
81528.jpg,3_11_23
81531.jpg,1_7_49
81533.jpg,5_19_2
81544.jpg,4_13_25
81550.jpg,4_13_25
81564.jpg,5_17_69
81579.jpg,0_2_31
81583.jpg,0_0_18
81585.jpg,0_2_31
81597.jpg,4_13_25
81600.jpg,1_4_28
81604.jpg,3_11_32
81613.jpg,3_11_23
81616.jpg,4_15_56
81617.jpg,3_11_64
81621.jpg,4_15_56
81635.jpg,5_17_43
81644.jpg,2_9_50
81646.jpg,0_1_60
81656.jpg,3_11_32
81657.jpg,4_13_80
81669.jpg,0_2_40
81670.jpg,0_2_40
81671.jpg,0_2_40
81673.jpg,2_10_19
81694.jpg,1_5_1
81696.jpg,4_15_56
81697.jpg,1_7_52
81699.jpg,0_1_17
81702.jpg,0_1_77
81715.jpg,2_9_53
81728.jpg,1_6_58
81729.jpg,3_11_37
81730.jpg,4_13_66
81732.jpg,1_5_30
81734.jpg,0_3_61
81735.jpg,1_6_76
81753.jpg,2_10_55
81758.jpg,4_14_27
81765.jpg,1_8_35
81769.jpg,0_2_22
81776.jpg,0_1_60
81781.jpg,0_1_36
81787.jpg,3_11_23
81790.jpg,1_4_57
81793.jpg,1_6_76
81795.jpg,0_2_81
81801.jpg,4_13_33
81811.jpg,1_5_30
81815.jpg,0_2_31
81830.jpg,0_2_22
81834.jpg,2_9_53
81838.jpg,0_2_31
81841.jpg,2_9_53
81842.jpg,2_10_19
81846.jpg,4_16_42
81847.jpg,2_10_55
81856.jpg,4_14_20
81864.jpg,4_13_33
81867.jpg,5_17_70
81869.jpg,5_17_70
81871.jpg,4_13_80
81875.jpg,1_6_58
81877.jpg,3_11_23
81880.jpg,2_9_50
81893.jpg,0_1_36
81896.jpg,1_7_34
81900.jpg,0_2_29
81909.jpg,0_3_39
81914.jpg,3_11_37
81917.jpg,0_3_74
81921.jpg,0_2_75
81928.jpg,3_11_64
81930.jpg,1_4_41
81935.jpg,3_11_63
81944.jpg,3_11_63
81958.jpg,5_17_43
81962.jpg,0_1_60
81963.jpg,4_14_10
81969.jpg,0_2_81
81973.jpg,1_4_28
81974.jpg,4_15_54
81978.jpg,4_16_15
81982.jpg,4_13_33
81990.jpg,3_12_51
81995.jpg,0_1_60
81997.jpg,4_16_26
82003.jpg,2_9_50
82004.jpg,3_11_64
82006.jpg,0_2_40
82025.jpg,1_7_49
82037.jpg,0_3_61
82044.jpg,0_2_81
82050.jpg,5_19_2
82053.jpg,1_5_30
82054.jpg,3_11_64
82063.jpg,3_12_45
82064.jpg,0_0_18
82081.jpg,1_4_57
82082.jpg,4_14_10
82083.jpg,0_2_31
82084.jpg,4_14_38
82086.jpg,2_10_19
82089.jpg,1_4_28
82103.jpg,1_5_13
82106.jpg,0_1_60
82124.jpg,4_13_65
82127.jpg,1_8_0
82140.jpg,1_4_3
82151.jpg,2_9_24
82162.jpg,4_13_25
82175.jpg,1_8_35
82180.jpg,3_11_23
82182.jpg,0_3_39
82186.jpg,0_0_8
82188.jpg,1_4_3
82191.jpg,4_14_20
82200.jpg,0_0_8
82202.jpg,1_4_28
82210.jpg,3_11_63
82218.jpg,5_19_4
82226.jpg,0_2_75
82228.jpg,4_13_79
82229.jpg,1_8_47
82231.jpg,0_2_75
82238.jpg,0_1_36
82243.jpg,4_14_27
82246.jpg,5_17_69
82251.jpg,4_13_33
82252.jpg,1_4_57
82259.jpg,3_12_45
82265.jpg,5_19_2
82266.jpg,0_1_60
82273.jpg,3_11_23
82274.jpg,5_19_4
82279.jpg,4_14_20
82286.jpg,0_2_29
82297.jpg,1_4_3
82308.jpg,3_11_32
82309.jpg,0_3_62
82313.jpg,0_1_60
82317.jpg,0_0_68
82318.jpg,4_13_25
82325.jpg,2_9_53
82340.jpg,5_17_6
82344.jpg,4_13_80
82345.jpg,1_4_28
82358.jpg,4_13_25
82365.jpg,4_13_80
82368.jpg,2_9_53
82371.jpg,1_4_3
82399.jpg,4_13_66
82400.jpg,5_19_4
82402.jpg,1_6_76
82409.jpg,4_16_26
82416.jpg,4_14_20
82421.jpg,1_5_1
82422.jpg,3_11_37
82436.jpg,3_11_37
82438.jpg,3_11_32
82458.jpg,1_8_35
82461.jpg,1_8_0
82466.jpg,4_14_20
82470.jpg,5_17_70
82472.jpg,5_19_4
82485.jpg,1_4_41
82489.jpg,4_16_26
82491.jpg,0_1_77
82501.jpg,2_9_53
82507.jpg,2_10_46
82511.jpg,4_13_66
82528.jpg,0_2_31
82532.jpg,4_14_10
82533.jpg,1_4_59
82538.jpg,4_16_15
82559.jpg,3_11_32
82563.jpg,0_0_18
82569.jpg,4_14_10
82570.jpg,4_14_38
82582.jpg,0_3_74
82585.jpg,1_5_1
82586.jpg,5_19_2
82588.jpg,4_14_27
82594.jpg,2_9_24
82601.jpg,0_1_60
82602.jpg,2_9_50
82606.jpg,5_17_70
82609.jpg,0_3_73
82611.jpg,0_2_21
82613.jpg,4_13_65
82614.jpg,5_19_2
82630.jpg,1_4_28
82648.jpg,5_18_7
82669.jpg,0_2_29
82676.jpg,0_0_8
82680.jpg,2_9_50
82682.jpg,3_12_45
82699.jpg,0_2_81
82714.jpg,0_3_74
82724.jpg,2_9_24
82726.jpg,5_17_69
82743.jpg,3_11_63
82748.jpg,0_2_31
82764.jpg,0_1_77
82767.jpg,3_11_37
82770.jpg,5_19_2
82771.jpg,4_13_12
82796.jpg,5_19_2
82801.jpg,3_11_37
82810.jpg,4_14_20
82822.jpg,4_14_10
82825.jpg,1_8_35
82827.jpg,0_1_36
82833.jpg,0_2_22
82843.jpg,4_14_38
82851.jpg,0_0_68
82856.jpg,4_15_56
82862.jpg,0_3_73
82866.jpg,2_9_50
82868.jpg,1_4_3
82874.jpg,4_14_20
82886.jpg,5_17_6
82887.jpg,5_17_43
82901.jpg,2_9_24
82904.jpg,4_16_15
82918.jpg,4_15_54
82926.jpg,5_17_6
82927.jpg,2_10_55
82929.jpg,4_14_10
82930.jpg,0_1_77
82941.jpg,0_1_17
82945.jpg,3_11_63
82948.jpg,5_17_5
82958.jpg,0_1_60
82959.jpg,4_13_79
82961.jpg,4_13_65
82964.jpg,0_0_8
82966.jpg,4_16_26
82971.jpg,1_4_59
82980.jpg,0_0_8
82989.jpg,1_8_47
83002.jpg,1_6_76
83013.jpg,0_3_74
83022.jpg,1_6_58
83024.jpg,1_8_35
83037.jpg,4_13_80
83038.jpg,4_14_27
83043.jpg,5_17_70
83047.jpg,0_1_16
83049.jpg,0_1_36
83062.jpg,5_17_71
83065.jpg,1_7_52
83066.jpg,0_1_16
83067.jpg,1_4_57
83073.jpg,5_19_2
83080.jpg,3_11_63
83086.jpg,5_17_69
83088.jpg,1_6_76
83091.jpg,3_11_23
83094.jpg,4_13_80
83095.jpg,1_8_47
83101.jpg,0_3_39
83106.jpg,1_7_49
83121.jpg,0_0_18
83122.jpg,2_10_55
83124.jpg,5_17_5
83141.jpg,0_3_39
83143.jpg,2_10_55
83144.jpg,5_17_43
83157.jpg,3_11_64
83158.jpg,4_16_42
83161.jpg,0_1_60
83163.jpg,3_12_51
83164.jpg,5_19_2
83171.jpg,0_2_22
83172.jpg,4_15_56
83174.jpg,1_4_57
83186.jpg,1_6_58
83204.jpg,2_9_24
83205.jpg,5_17_5
83207.jpg,4_13_79
83210.jpg,1_8_35
83213.jpg,0_2_81
83216.jpg,0_2_22
83222.jpg,5_19_2
83227.jpg,5_17_78
83231.jpg,2_10_19
83232.jpg,5_17_71
83240.jpg,0_2_21
83268.jpg,5_17_5
83269.jpg,0_2_21
83271.jpg,4_16_44
83278.jpg,4_15_56
83279.jpg,4_16_26
83281.jpg,1_4_41
83284.jpg,1_7_34
83290.jpg,3_12_51
83296.jpg,1_8_47
83298.jpg,1_4_59
83306.jpg,0_2_29
83308.jpg,4_16_15
83318.jpg,4_13_80
83319.jpg,1_4_41
83324.jpg,5_19_4
83329.jpg,4_16_26
83330.jpg,0_3_62
83333.jpg,4_13_12
83343.jpg,5_17_5
83346.jpg,5_17_71
83351.jpg,5_19_4
83359.jpg,1_8_0
83363.jpg,4_15_54
83372.jpg,4_16_44
83373.jpg,4_15_56
83379.jpg,4_13_25
83380.jpg,0_2_22
83387.jpg,3_12_51
83389.jpg,4_13_48
83396.jpg,5_19_4
83403.jpg,1_5_1
83406.jpg,0_1_17
83411.jpg,0_0_68
83422.jpg,1_6_76
83423.jpg,4_13_12
83424.jpg,2_9_50
83428.jpg,4_13_66
83439.jpg,1_7_67
83445.jpg,1_4_41
83447.jpg,5_17_69
83453.jpg,5_19_4
83456.jpg,4_16_15
83465.jpg,3_11_64
83484.jpg,1_6_58
83490.jpg,5_17_69
83491.jpg,0_2_31
83492.jpg,0_0_68
83493.jpg,4_15_56
83494.jpg,1_7_34
83498.jpg,0_2_40
83499.jpg,2_9_11
83503.jpg,4_13_65
83519.jpg,4_13_80
83528.jpg,5_17_70
83533.jpg,3_11_64
83540.jpg,4_13_79
83543.jpg,0_1_36
83553.jpg,0_2_31
83554.jpg,2_9_50
83569.jpg,5_17_43
83572.jpg,0_0_18
83578.jpg,1_7_52
83599.jpg,4_16_44
83601.jpg,0_3_61
83603.jpg,1_6_58
83610.jpg,5_19_2
83611.jpg,4_13_66
83616.jpg,2_10_46
83627.jpg,3_11_23
83629.jpg,0_2_75
83633.jpg,3_12_51
83640.jpg,4_13_25
83641.jpg,4_13_79
83642.jpg,0_1_36
83658.jpg,2_10_46
83667.jpg,1_7_52
83674.jpg,0_2_75
83678.jpg,0_3_73
83679.jpg,2_9_50
83682.jpg,5_17_5
83685.jpg,0_1_36
83689.jpg,2_9_14
83693.jpg,4_16_26
83696.jpg,2_10_46
83700.jpg,3_11_64
83704.jpg,2_10_55
83708.jpg,0_2_21
83713.jpg,5_19_2
83715.jpg,4_16_15
83734.jpg,0_0_8
83738.jpg,4_16_26
83741.jpg,2_9_53
83746.jpg,1_7_52
83749.jpg,4_15_54
83750.jpg,4_13_66
83754.jpg,5_19_2
83755.jpg,0_0_68
83765.jpg,4_15_56
83770.jpg,1_4_28
83776.jpg,1_6_58
83779.jpg,1_5_30
83783.jpg,4_13_66
83785.jpg,3_11_64
83789.jpg,1_7_52
83794.jpg,2_9_24
83796.jpg,2_9_24
83801.jpg,0_1_36
83807.jpg,0_1_77
83808.jpg,3_12_45
83813.jpg,1_4_41
83815.jpg,2_10_46
83820.jpg,0_3_73
83836.jpg,0_2_21
83845.jpg,0_1_36
83853.jpg,2_9_14
83863.jpg,2_9_24
83879.jpg,5_18_7
83883.jpg,1_6_76
83884.jpg,1_5_30
83887.jpg,4_15_56
83895.jpg,5_17_6
83897.jpg,5_17_43
83899.jpg,1_4_59
83901.jpg,0_0_18
83902.jpg,5_18_7
83903.jpg,0_2_31
83906.jpg,2_10_46
83912.jpg,3_12_45
83915.jpg,0_0_8
83918.jpg,1_7_34
83919.jpg,0_2_81
83928.jpg,4_15_54
83930.jpg,5_19_2
83932.jpg,3_11_37
83937.jpg,4_15_56
83953.jpg,3_11_32
83955.jpg,0_3_39
83981.jpg,3_11_23
83985.jpg,1_6_58
83989.jpg,5_18_7
83996.jpg,2_9_50
83998.jpg,3_12_51
84000.jpg,0_2_81
84002.jpg,1_4_28
84010.jpg,5_19_2
84025.jpg,0_3_74
84026.jpg,1_6_76
84054.jpg,1_4_28
84063.jpg,2_10_55
84077.jpg,0_3_73
84084.jpg,0_2_21
84087.jpg,0_3_39
84103.jpg,4_16_42
84106.jpg,5_17_5
84107.jpg,0_2_22
84124.jpg,4_16_26
84129.jpg,4_13_66
84138.jpg,1_7_67
84150.jpg,1_8_0
84151.jpg,4_16_15
84155.jpg,0_2_22
84158.jpg,1_4_59
84163.jpg,2_9_53
84165.jpg,4_14_20
84175.jpg,5_17_5
84189.jpg,5_19_4
84200.jpg,0_3_61
84211.jpg,4_16_15
84222.jpg,0_2_81
84228.jpg,2_9_53
84233.jpg,4_13_66
84244.jpg,4_14_27
84252.jpg,2_10_55
84259.jpg,5_18_7
84265.jpg,4_14_38
84268.jpg,0_0_68
84278.jpg,5_18_7
84283.jpg,4_14_9
84286.jpg,1_4_59
84289.jpg,0_1_77
84297.jpg,3_11_64
84298.jpg,1_5_30
84299.jpg,1_5_1
84303.jpg,2_9_24
84305.jpg,0_0_68
84313.jpg,5_17_6
84316.jpg,1_7_49
84330.jpg,4_16_26
84344.jpg,5_17_6
84346.jpg,1_4_59
84356.jpg,0_1_16
84358.jpg,1_5_72
84370.jpg,2_9_50
84377.jpg,4_16_15
84378.jpg,3_12_51
84382.jpg,2_9_24
84385.jpg,4_14_27
84388.jpg,1_6_76
84391.jpg,2_10_19
84406.jpg,5_17_69
84418.jpg,4_16_44
84423.jpg,1_8_47
84429.jpg,1_5_30
84430.jpg,0_3_74
84438.jpg,0_2_31
84439.jpg,4_14_27
84453.jpg,1_8_0
84465.jpg,0_1_16
84467.jpg,4_16_15
84473.jpg,3_12_51
84476.jpg,0_3_62
84478.jpg,0_3_62
84479.jpg,4_14_10
84486.jpg,4_13_12
84488.jpg,4_13_66
84491.jpg,4_16_44
84496.jpg,1_5_13
84498.jpg,4_15_54
84503.jpg,1_8_0
84509.jpg,0_2_81
84510.jpg,2_10_55
84515.jpg,4_13_80
84516.jpg,4_15_54
84520.jpg,0_1_17
84525.jpg,1_7_67
84553.jpg,3_11_37
84556.jpg,1_6_76
84563.jpg,1_7_52
84577.jpg,4_16_26
84578.jpg,4_16_42
84580.jpg,5_18_7
84583.jpg,0_0_8
84587.jpg,0_2_22
84590.jpg,0_1_36
84592.jpg,0_3_39
84595.jpg,1_7_52
84596.jpg,4_13_33
84598.jpg,0_2_40
84614.jpg,1_8_35
84619.jpg,1_5_1
84621.jpg,1_4_41
84623.jpg,4_16_44
84625.jpg,2_9_53
84632.jpg,0_2_75
84645.jpg,3_11_32
84658.jpg,2_10_46
84667.jpg,1_4_59
84679.jpg,0_2_21
84683.jpg,5_19_4
84698.jpg,4_13_33
84708.jpg,2_9_11
84713.jpg,4_14_27
84716.jpg,1_8_0
84726.jpg,4_14_38
84750.jpg,3_12_45
84751.jpg,1_4_41
84754.jpg,0_3_62
84755.jpg,0_3_62
84759.jpg,4_13_48
84762.jpg,5_17_6
84767.jpg,5_17_5
84776.jpg,2_10_55
84781.jpg,1_8_35
84787.jpg,4_14_20
84790.jpg,0_1_17
84803.jpg,1_8_47
84804.jpg,4_16_42
84805.jpg,3_12_45
84809.jpg,4_14_27
84815.jpg,4_16_26
84819.jpg,0_1_60
84823.jpg,0_3_61
84828.jpg,4_16_44
84830.jpg,0_1_16
84833.jpg,1_8_47
84834.jpg,4_13_12
84842.jpg,3_12_45
84844.jpg,1_8_0
84858.jpg,2_9_53
84861.jpg,2_10_55
84874.jpg,0_3_73
84876.jpg,3_12_45
84881.jpg,4_14_10
84891.jpg,4_16_44
84896.jpg,2_9_53
84904.jpg,0_3_61
84908.jpg,1_5_72
84915.jpg,0_3_39
84918.jpg,5_19_4
84928.jpg,5_17_43
84931.jpg,0_2_31
84934.jpg,1_5_1
84935.jpg,0_2_22
84944.jpg,1_4_57
84949.jpg,1_4_28
84976.jpg,4_13_48
84985.jpg,3_12_45
84993.jpg,0_1_17
85001.jpg,2_10_55
85004.jpg,0_0_8
85009.jpg,0_3_73
85019.jpg,4_14_27
85040.jpg,4_16_15
85044.jpg,0_1_17
85050.jpg,2_10_46
85052.jpg,4_14_20
85066.jpg,5_17_70
85067.jpg,1_5_72
85075.jpg,1_4_41
85082.jpg,3_11_32
85084.jpg,4_16_44
85091.jpg,1_7_52
85112.jpg,0_1_36
85119.jpg,1_7_49
85141.jpg,4_13_80
85162.jpg,4_14_20
85166.jpg,3_11_37
85169.jpg,1_5_13
85171.jpg,2_10_46
85176.jpg,0_2_81
85177.jpg,0_2_75
85181.jpg,3_11_23
85200.jpg,4_14_9
85204.jpg,1_8_47
85209.jpg,3_11_63
85210.jpg,5_17_6
85220.jpg,4_13_12
85224.jpg,4_13_33
85227.jpg,5_17_71
85242.jpg,4_16_44
85266.jpg,4_13_80
85268.jpg,0_3_74
85269.jpg,0_2_21
85271.jpg,5_17_6
85273.jpg,1_7_52
85284.jpg,4_15_54
85286.jpg,4_14_20
85287.jpg,2_9_50
85302.jpg,1_7_49
85310.jpg,4_16_15
85318.jpg,5_17_5
85329.jpg,2_10_46
85332.jpg,0_2_40
85336.jpg,5_17_78
85341.jpg,1_5_30
85355.jpg,0_3_73
85356.jpg,1_7_52
85357.jpg,0_2_29
85365.jpg,0_2_31
85366.jpg,1_4_59
85386.jpg,4_16_44
85408.jpg,4_16_42
85410.jpg,0_2_31
85414.jpg,1_5_1
85432.jpg,1_5_72
85435.jpg,4_15_54
85438.jpg,5_17_71
85458.jpg,4_15_54
85470.jpg,0_1_36
85471.jpg,5_17_5
85475.jpg,4_13_12
85476.jpg,1_4_41
85484.jpg,5_17_70
85486.jpg,4_13_80
85493.jpg,2_10_46
85522.jpg,2_9_14
85537.jpg,4_14_38
85539.jpg,3_11_37
85541.jpg,5_17_69
85551.jpg,0_2_31
85560.jpg,4_16_15
85570.jpg,3_12_51
85572.jpg,4_15_56
85579.jpg,0_1_77
85594.jpg,5_17_69
85597.jpg,4_13_66
85600.jpg,2_9_24
85601.jpg,4_13_33
85612.jpg,0_2_75
85614.jpg,3_11_37
85615.jpg,0_0_8
85630.jpg,4_14_38
85637.jpg,0_2_29
85639.jpg,4_13_25
85640.jpg,4_16_26
85644.jpg,0_2_40
85650.jpg,5_17_71
85655.jpg,5_17_5
85656.jpg,4_13_80
85666.jpg,4_14_10
85670.jpg,1_8_35
85676.jpg,1_5_1
85686.jpg,3_11_23
85688.jpg,0_1_36
85690.jpg,1_4_59
85702.jpg,1_4_3
85707.jpg,3_11_23
85716.jpg,0_1_17
85719.jpg,5_17_71
85722.jpg,5_18_7
85730.jpg,0_3_61
85736.jpg,2_9_53
85741.jpg,4_13_33
85745.jpg,3_11_37
85748.jpg,3_12_45
85749.jpg,0_2_29
85754.jpg,5_17_6
85757.jpg,5_17_70
85770.jpg,0_1_16
85771.jpg,0_1_36
85772.jpg,4_13_33
85779.jpg,0_0_18
85784.jpg,5_17_71
85788.jpg,0_2_31
85790.jpg,4_13_12
85795.jpg,5_17_71
85797.jpg,0_1_36
85800.jpg,2_9_14
85805.jpg,1_4_59
85807.jpg,0_0_18
85812.jpg,4_13_66
85813.jpg,1_6_58
85816.jpg,4_16_42
85817.jpg,1_8_47
85829.jpg,4_14_20
85835.jpg,4_14_20
85836.jpg,0_2_29
85845.jpg,2_10_55
85846.jpg,1_4_28
85849.jpg,1_7_67
85869.jpg,3_12_51
85874.jpg,5_17_70
85876.jpg,4_13_48
85878.jpg,1_6_76
85880.jpg,1_6_76
85881.jpg,1_7_52
85882.jpg,3_11_32
85884.jpg,1_6_58
85900.jpg,4_16_15
85910.jpg,5_17_71
85911.jpg,5_19_2
85913.jpg,1_5_13
85922.jpg,0_2_21
85927.jpg,0_2_29
85948.jpg,0_2_75
85952.jpg,4_16_15
85954.jpg,5_17_71
85957.jpg,0_2_22
85969.jpg,0_3_39
85975.jpg,3_12_51
85981.jpg,1_8_35
85999.jpg,2_9_14
86007.jpg,0_1_17
86011.jpg,3_12_51
86020.jpg,1_7_34
86023.jpg,0_3_61
86031.jpg,5_19_4
86032.jpg,2_10_46
86035.jpg,0_0_8
86045.jpg,4_14_27
86055.jpg,5_18_7
86067.jpg,0_3_39
86088.jpg,4_16_26
86108.jpg,5_17_78
86117.jpg,0_3_62
86125.jpg,4_16_26
86128.jpg,4_13_80
86135.jpg,1_7_49
86142.jpg,4_13_12
86149.jpg,0_3_74
86150.jpg,0_2_81
86154.jpg,5_19_2
86162.jpg,5_17_69
86167.jpg,4_14_27
86168.jpg,4_16_44
86171.jpg,3_11_23
86173.jpg,1_6_58
86174.jpg,2_10_55
86180.jpg,1_8_0
86187.jpg,4_13_48
86188.jpg,1_7_67
86189.jpg,4_16_42
86193.jpg,2_9_14
86200.jpg,1_7_67
86201.jpg,0_3_62
86219.jpg,1_8_35
86221.jpg,4_13_33
86226.jpg,0_0_8
86230.jpg,4_16_44
86238.jpg,0_3_74
86242.jpg,4_14_38
86245.jpg,2_9_14
86247.jpg,1_5_1
86256.jpg,4_15_56
86269.jpg,0_1_36
86271.jpg,0_2_81
86273.jpg,3_12_51
86287.jpg,4_13_79
86294.jpg,1_4_28
86296.jpg,4_14_20
86299.jpg,0_2_21
86320.jpg,0_2_21
86330.jpg,4_13_66
86345.jpg,0_1_17
86361.jpg,3_11_63
86369.jpg,4_13_48
86370.jpg,0_2_81
86381.jpg,4_14_38
86385.jpg,0_0_8
86386.jpg,1_4_57
86391.jpg,0_1_77
86395.jpg,5_17_70
86401.jpg,1_7_52
86402.jpg,2_9_53
86403.jpg,0_2_40
86405.jpg,0_3_74
86406.jpg,4_14_20
86408.jpg,2_10_55
86425.jpg,1_8_35
86433.jpg,4_13_25
86434.jpg,4_15_56
86437.jpg,1_7_52
86444.jpg,0_1_77
86446.jpg,2_9_11
86450.jpg,4_16_44
86452.jpg,5_17_43
86465.jpg,2_9_24
86468.jpg,2_9_24
86477.jpg,3_11_32
86483.jpg,4_16_15
86485.jpg,2_10_55
86501.jpg,1_7_49
86504.jpg,4_15_56
86505.jpg,4_14_10
86511.jpg,5_17_78
86515.jpg,0_0_8
86525.jpg,4_14_10
86536.jpg,4_16_44
86541.jpg,4_13_80
86548.jpg,0_1_17
86552.jpg,0_2_22
86555.jpg,0_3_74
86569.jpg,1_4_28
86575.jpg,2_9_24
86577.jpg,4_14_38
86583.jpg,1_4_41
86585.jpg,2_9_50
86588.jpg,1_5_1
86590.jpg,0_2_21
86593.jpg,3_11_32
86597.jpg,0_0_8
86603.jpg,0_2_40
86617.jpg,0_2_22
86621.jpg,0_3_61
86623.jpg,5_17_6
86629.jpg,4_13_25
86631.jpg,4_16_26
86633.jpg,2_9_53
86650.jpg,4_15_54
86651.jpg,2_10_46
86658.jpg,3_11_64
86660.jpg,3_11_37
86661.jpg,0_3_62
86683.jpg,0_2_21
86690.jpg,1_8_0
86694.jpg,4_13_66
86697.jpg,0_1_77
86699.jpg,1_4_3
86702.jpg,3_12_51
86703.jpg,4_14_10
86707.jpg,3_11_23
86711.jpg,0_3_74
86714.jpg,4_16_15
86716.jpg,0_3_62
86718.jpg,3_11_63
86738.jpg,4_13_65
86744.jpg,1_4_28
86746.jpg,5_17_69
86756.jpg,0_1_60
86764.jpg,4_14_10
86767.jpg,0_2_31
86775.jpg,1_4_57
86791.jpg,5_17_6
86796.jpg,4_14_20
86797.jpg,0_1_60
86799.jpg,0_2_21
86803.jpg,1_7_67
86804.jpg,2_10_19
86811.jpg,1_5_72
86813.jpg,1_5_1
86822.jpg,3_11_23
86824.jpg,0_2_81
86831.jpg,5_17_6
86832.jpg,4_16_42
86836.jpg,4_14_9
86848.jpg,0_1_16
86852.jpg,5_17_69
86853.jpg,2_9_24
86874.jpg,4_13_48
86877.jpg,0_0_8
86882.jpg,4_13_12
86886.jpg,0_3_61
86889.jpg,5_17_69
86890.jpg,0_0_68
86893.jpg,0_3_74
86900.jpg,1_4_57
86910.jpg,0_0_68
86913.jpg,0_2_22
86917.jpg,0_1_16
86931.jpg,3_11_23
86943.jpg,3_11_63
86944.jpg,4_14_27
86956.jpg,0_1_16
86969.jpg,4_13_80
86985.jpg,1_4_59
86988.jpg,0_2_29
87025.jpg,2_9_53
87027.jpg,3_11_32
87032.jpg,0_3_39
87035.jpg,2_9_24
87042.jpg,1_4_28
87047.jpg,0_0_8
87052.jpg,3_11_37
87053.jpg,4_14_38
87054.jpg,0_0_18
87056.jpg,4_14_10
87064.jpg,0_3_73
87069.jpg,4_16_26
87071.jpg,1_8_47
87083.jpg,0_2_21
87087.jpg,0_2_75
87088.jpg,2_9_24
87089.jpg,1_8_0
87097.jpg,5_17_71
87109.jpg,4_13_48
87118.jpg,2_9_50
87125.jpg,2_9_53
87134.jpg,3_12_45
87146.jpg,0_0_18
87148.jpg,3_11_23
87173.jpg,4_14_9
87178.jpg,2_9_50
87185.jpg,4_14_27
87194.jpg,3_11_64
87199.jpg,1_7_52
87207.jpg,0_2_21
87214.jpg,1_7_67
87223.jpg,0_3_73
87244.jpg,1_8_47
87252.jpg,1_6_58
87253.jpg,4_13_80
87256.jpg,1_5_13
87265.jpg,5_17_5
87267.jpg,0_0_68
87269.jpg,1_8_0
87271.jpg,3_12_45
87273.jpg,0_2_31
87274.jpg,0_3_61
87279.jpg,1_8_0
87281.jpg,0_1_60
87311.jpg,4_14_10
87313.jpg,4_13_25
87315.jpg,2_10_46
87316.jpg,0_2_81
87319.jpg,1_7_52
87347.jpg,5_17_69
87359.jpg,4_13_79
87361.jpg,0_0_18
87374.jpg,0_2_40
87376.jpg,4_14_38
87377.jpg,0_3_39
87384.jpg,1_8_47
87396.jpg,1_4_41
87398.jpg,3_11_32
87400.jpg,1_7_52
87418.jpg,2_9_50
87420.jpg,0_3_62
87426.jpg,4_16_42
87427.jpg,4_16_42
87428.jpg,5_17_43
87431.jpg,1_5_13
87437.jpg,2_9_24
87439.jpg,0_2_21
87441.jpg,4_14_9
87456.jpg,2_9_50
87458.jpg,5_17_70
87468.jpg,1_5_13
87479.jpg,0_0_18
87485.jpg,0_1_60
87499.jpg,0_1_17
87507.jpg,4_14_10
87516.jpg,0_3_74
87529.jpg,4_16_44
87530.jpg,4_13_66
87541.jpg,0_1_16
87555.jpg,0_3_74
87563.jpg,0_2_29
87570.jpg,4_13_12
87574.jpg,4_13_12
87581.jpg,0_1_17
87583.jpg,0_1_60
87584.jpg,2_9_53
87594.jpg,4_15_56
87597.jpg,0_2_22
87600.jpg,1_5_1
87603.jpg,0_2_40
87611.jpg,2_9_11
87627.jpg,1_5_1
87628.jpg,0_2_40
87630.jpg,0_3_74
87636.jpg,2_9_50
87640.jpg,4_16_44
87646.jpg,5_17_70
87650.jpg,0_1_60
87652.jpg,4_14_20
87654.jpg,1_4_57
87657.jpg,0_1_77
87661.jpg,4_13_66
87663.jpg,4_14_27
87667.jpg,1_8_35
87694.jpg,1_4_59
87698.jpg,2_9_50
87701.jpg,4_13_80
87702.jpg,4_16_26
87708.jpg,2_10_46
87716.jpg,3_11_32
87728.jpg,0_2_81
87732.jpg,0_0_68
87741.jpg,0_1_16
87744.jpg,4_14_27
87748.jpg,3_11_63
87761.jpg,4_16_44
87763.jpg,3_11_23
87765.jpg,4_16_42
87766.jpg,5_17_78
87773.jpg,4_14_9
87774.jpg,5_19_2
87776.jpg,1_4_57
87779.jpg,4_15_56
87798.jpg,0_1_16
87801.jpg,4_13_33
87809.jpg,4_14_27
87817.jpg,3_11_37
87819.jpg,1_4_59
87835.jpg,3_12_51
87837.jpg,5_17_71
87840.jpg,0_1_77
87841.jpg,4_16_42
87844.jpg,4_16_42
87846.jpg,2_9_24
87867.jpg,3_11_32
87875.jpg,1_8_35
87882.jpg,0_2_31
87883.jpg,3_11_63
87884.jpg,1_7_52
87889.jpg,4_14_38
87912.jpg,0_2_81
87918.jpg,0_2_31
87919.jpg,2_9_53
87920.jpg,5_19_2
87945.jpg,1_7_34
87947.jpg,0_3_74
87958.jpg,4_13_33
87960.jpg,2_9_14
87973.jpg,0_2_22
87976.jpg,3_12_51
87981.jpg,5_17_69
87982.jpg,4_16_42
87983.jpg,5_17_5
87987.jpg,4_13_33
87989.jpg,0_1_60
87996.jpg,0_2_31
88009.jpg,5_17_70
88013.jpg,2_10_55
88024.jpg,0_0_8
88029.jpg,1_7_34
88032.jpg,2_9_14
88036.jpg,3_11_23
88043.jpg,2_10_55
88048.jpg,3_11_63
88054.jpg,1_5_1
88057.jpg,2_10_55
88060.jpg,1_8_0
88066.jpg,5_17_43
88068.jpg,5_17_43
88072.jpg,0_2_31
88076.jpg,3_11_37
88078.jpg,4_16_42
88086.jpg,4_13_80
88087.jpg,0_1_60
88094.jpg,4_15_56
88096.jpg,2_9_14
88101.jpg,5_19_2
88103.jpg,1_7_34
88105.jpg,0_2_21
88121.jpg,0_2_31
88125.jpg,0_1_17
88126.jpg,1_4_41
88136.jpg,4_13_12
88137.jpg,4_13_65
88146.jpg,4_16_15
88151.jpg,4_14_20
88158.jpg,5_17_6
88160.jpg,4_13_66
88172.jpg,0_2_81
88179.jpg,4_16_42
88203.jpg,0_1_17
88224.jpg,1_6_76
88229.jpg,0_3_73
88234.jpg,1_7_49
88235.jpg,5_17_70
88236.jpg,2_9_53
88238.jpg,4_13_80
88251.jpg,2_10_55
88256.jpg,0_3_62
88258.jpg,4_16_42
88260.jpg,1_5_72
88264.jpg,1_4_59
88271.jpg,1_6_58
88289.jpg,4_13_48
88290.jpg,1_4_41
88300.jpg,0_3_39
88311.jpg,1_7_52
88323.jpg,2_9_53
88330.jpg,0_3_39
88331.jpg,5_18_7
88332.jpg,1_4_28
88335.jpg,3_11_37
88347.jpg,4_14_38
88349.jpg,1_5_30
88378.jpg,5_18_7
88384.jpg,1_5_72
88389.jpg,4_13_33
88394.jpg,2_10_19
88402.jpg,4_14_9
88413.jpg,3_11_63
88426.jpg,0_3_61
88429.jpg,4_13_65
88434.jpg,4_16_44
88447.jpg,0_0_8
88458.jpg,0_3_74
88463.jpg,5_17_71
88467.jpg,4_16_26
88469.jpg,5_17_78
88475.jpg,4_16_42
88478.jpg,0_0_68
88486.jpg,4_13_48
88498.jpg,0_1_77
88508.jpg,0_1_60
88517.jpg,0_2_29
88525.jpg,0_2_29
88526.jpg,0_1_60
88529.jpg,1_5_30
88530.jpg,5_17_71
88537.jpg,3_12_51
88541.jpg,4_13_65
88542.jpg,4_16_44
88551.jpg,5_17_71
88568.jpg,4_13_48
88575.jpg,4_13_12
88580.jpg,0_3_73
88594.jpg,0_2_75
88597.jpg,1_4_57
88605.jpg,2_9_53
88619.jpg,4_13_80
88624.jpg,4_13_65
88632.jpg,4_14_10
88636.jpg,0_3_73
88640.jpg,5_17_71
88644.jpg,1_7_49
88647.jpg,4_13_48
88650.jpg,1_7_34
88651.jpg,0_0_68
88652.jpg,1_7_67
88665.jpg,2_10_19
88672.jpg,3_11_23
88673.jpg,2_9_53
88674.jpg,1_5_30
88683.jpg,1_8_35
88684.jpg,2_9_14
88686.jpg,3_11_63
88689.jpg,0_0_8
88701.jpg,1_5_13
88714.jpg,5_17_70
88716.jpg,1_4_57
88718.jpg,1_4_41
88731.jpg,1_8_0
88757.jpg,5_17_43
88771.jpg,3_12_51
88774.jpg,5_17_71
88781.jpg,3_12_51
88786.jpg,3_11_32
88792.jpg,5_17_78
88801.jpg,4_14_27
88821.jpg,4_14_20
88822.jpg,0_1_36
88824.jpg,0_3_74
88834.jpg,4_16_44
88838.jpg,2_9_50
88839.jpg,1_7_34
88853.jpg,5_17_43
88854.jpg,0_2_31
88857.jpg,0_0_68
88858.jpg,0_1_60
88863.jpg,5_19_2
88864.jpg,0_0_68
88869.jpg,1_8_35
88870.jpg,4_14_27
88871.jpg,0_2_31
88873.jpg,1_7_34
88892.jpg,0_2_31
88897.jpg,5_17_70
88907.jpg,0_3_61
88909.jpg,2_10_46
88918.jpg,3_11_63
88920.jpg,0_1_36
88922.jpg,4_16_26
88924.jpg,4_16_26
88925.jpg,0_2_29
88951.jpg,4_14_9
88952.jpg,5_19_4
88956.jpg,0_1_16
88964.jpg,4_13_33
88974.jpg,5_19_2
88976.jpg,0_1_77
88980.jpg,4_16_15
88990.jpg,5_17_6
88998.jpg,4_14_20
89008.jpg,1_8_47
89010.jpg,4_16_15
89018.jpg,0_1_77
89025.jpg,5_17_78
89028.jpg,2_10_46
89039.jpg,4_13_66
89044.jpg,3_12_45
89049.jpg,0_3_73
89054.jpg,0_0_8
89060.jpg,3_11_64
89072.jpg,4_13_66
89075.jpg,2_9_24
89080.jpg,3_11_37
89081.jpg,0_2_21
89092.jpg,3_11_23
89097.jpg,0_0_8
89104.jpg,4_16_42
89107.jpg,1_7_34
89113.jpg,4_14_10
89122.jpg,1_7_67
89136.jpg,5_19_4
89137.jpg,0_1_77
89139.jpg,5_19_2
89140.jpg,5_17_69
89151.jpg,3_11_64
89154.jpg,0_2_75
89156.jpg,1_4_28
89157.jpg,5_17_5
89158.jpg,4_16_42
89159.jpg,0_1_36
89163.jpg,0_1_16
89164.jpg,4_13_65
89165.jpg,4_14_20
89167.jpg,5_19_4
89169.jpg,4_16_26
89172.jpg,1_4_57
89179.jpg,4_13_80
89189.jpg,5_17_70
89197.jpg,3_12_51
89198.jpg,4_14_9
89199.jpg,0_3_39
89204.jpg,2_9_50
89208.jpg,5_17_78
89211.jpg,0_2_21
89233.jpg,5_19_4
89240.jpg,1_5_13
89242.jpg,4_13_25
89244.jpg,4_13_25
89248.jpg,3_11_23
89274.jpg,5_19_2
89279.jpg,0_0_68
89287.jpg,1_7_49
89289.jpg,4_16_42
89312.jpg,0_2_22
89313.jpg,5_19_2
89325.jpg,1_4_28
89326.jpg,4_13_25
89334.jpg,0_1_16
89351.jpg,3_12_45
89355.jpg,1_6_58
89356.jpg,0_0_8
89368.jpg,4_13_65
89388.jpg,3_11_64
89396.jpg,4_13_33
89404.jpg,1_7_34
89434.jpg,1_4_3
89437.jpg,0_2_31
89438.jpg,3_11_63
89459.jpg,5_17_78
89460.jpg,0_3_73
89462.jpg,0_0_8
89468.jpg,5_17_6
89478.jpg,3_12_51
89480.jpg,0_0_18
89484.jpg,2_9_11
89495.jpg,4_13_48
89504.jpg,1_4_28
89511.jpg,4_13_33
89513.jpg,0_2_81
89518.jpg,0_0_8
89520.jpg,4_15_54
89529.jpg,5_19_4
89530.jpg,2_9_14
89543.jpg,4_14_27
89551.jpg,5_17_5
89553.jpg,2_10_19
89556.jpg,3_11_37
89559.jpg,5_17_69
89561.jpg,0_2_81
89562.jpg,4_16_15
89566.jpg,2_9_50
89577.jpg,1_8_47
89585.jpg,1_4_41
89600.jpg,4_16_15
89610.jpg,1_6_58
89623.jpg,0_1_77
89624.jpg,5_17_69
89626.jpg,0_0_68
89627.jpg,5_18_7
89632.jpg,3_12_51
89635.jpg,0_1_16
89639.jpg,0_3_74
89643.jpg,0_3_39
89648.jpg,0_0_8
89656.jpg,4_16_15
89660.jpg,4_16_15
89662.jpg,4_15_54
89666.jpg,1_8_0
89670.jpg,4_15_56
89680.jpg,5_19_4
89696.jpg,2_10_46
89704.jpg,4_16_26
89712.jpg,0_0_8
89714.jpg,0_0_8
89720.jpg,3_11_63
89722.jpg,2_9_53
89728.jpg,4_13_79
89731.jpg,5_17_71
89733.jpg,0_2_22
89740.jpg,0_3_73
89748.jpg,4_16_26
89756.jpg,4_13_65
89760.jpg,0_2_75
89768.jpg,4_16_44
89769.jpg,5_19_2
89770.jpg,0_2_81
89780.jpg,2_9_14
89802.jpg,0_2_22
89810.jpg,1_7_67
89831.jpg,4_16_42
89846.jpg,4_15_56
89856.jpg,0_2_75
89867.jpg,2_10_46
89872.jpg,2_10_46
89873.jpg,1_4_28
89877.jpg,4_14_20
89885.jpg,1_4_59
89890.jpg,2_10_19
89895.jpg,4_15_56
89904.jpg,5_17_43
89909.jpg,0_3_74
89925.jpg,2_9_11
89929.jpg,5_17_70
89942.jpg,1_7_67
89951.jpg,3_12_45
89953.jpg,1_4_59
89959.jpg,0_0_8
89960.jpg,0_0_68
89965.jpg,1_7_49
89966.jpg,3_11_63
89983.jpg,4_13_79
89987.jpg,3_12_51
90000.jpg,4_16_44
90016.jpg,0_0_68
90033.jpg,3_12_51
90036.jpg,4_14_10
90039.jpg,0_2_75
90042.jpg,3_11_63
90056.jpg,0_2_81
90064.jpg,1_5_1
90065.jpg,2_9_14
90074.jpg,2_9_14
90077.jpg,1_4_41
90095.jpg,2_9_11
90096.jpg,2_10_55
90099.jpg,0_2_21
90106.jpg,1_7_34
90122.jpg,4_13_80
90123.jpg,0_1_36
90127.jpg,4_16_42
90136.jpg,0_2_31
90148.jpg,2_10_46
90151.jpg,0_1_77
90154.jpg,0_3_62
90155.jpg,5_17_69
90180.jpg,0_0_68
90182.jpg,3_12_45
90199.jpg,4_13_25
90215.jpg,0_2_22
90221.jpg,3_11_63
90234.jpg,4_14_27
90235.jpg,1_6_58
90262.jpg,0_3_61
90265.jpg,4_16_15
90268.jpg,4_13_65
90271.jpg,4_14_20
90273.jpg,0_2_75
90285.jpg,4_13_25
90288.jpg,2_9_53
90297.jpg,0_2_22
90311.jpg,1_7_52
90317.jpg,4_15_54
90318.jpg,4_16_42
90319.jpg,4_13_33
90325.jpg,1_7_34
90328.jpg,5_18_7
90335.jpg,0_1_77
90336.jpg,4_14_27
90343.jpg,3_11_63
90346.jpg,5_17_78
90351.jpg,4_14_38
90364.jpg,1_7_49
90369.jpg,4_13_25
90384.jpg,1_4_57
90393.jpg,3_12_51
90398.jpg,1_8_0
90399.jpg,0_2_29
90407.jpg,0_0_8
90411.jpg,0_0_68
90427.jpg,1_4_3
90429.jpg,1_4_3
90435.jpg,1_7_49
90437.jpg,2_10_19
90443.jpg,4_13_79
90447.jpg,3_11_32
90455.jpg,2_9_53
90472.jpg,3_11_64
90477.jpg,0_2_81
90492.jpg,0_0_8
90506.jpg,3_11_64
90510.jpg,0_2_81
90512.jpg,3_11_32
90524.jpg,4_16_44
90536.jpg,1_5_1
90540.jpg,0_3_62
90548.jpg,5_17_78
90560.jpg,4_15_56
90568.jpg,4_16_15
90573.jpg,2_10_46
90574.jpg,2_9_50
90578.jpg,3_11_32
90582.jpg,5_17_71
90591.jpg,1_4_41
90592.jpg,0_1_77
90598.jpg,1_5_72
90600.jpg,3_12_51
90617.jpg,4_14_20
90618.jpg,1_7_52
90620.jpg,0_2_40
90621.jpg,2_10_19
90626.jpg,3_11_64
90645.jpg,0_2_40
90647.jpg,5_17_78
90651.jpg,0_1_16
90652.jpg,4_13_25
90657.jpg,5_17_69
90663.jpg,5_17_5
90667.jpg,5_19_2
90670.jpg,4_13_12
90672.jpg,2_9_14
90679.jpg,0_2_75
90693.jpg,2_9_50
90695.jpg,1_4_59
90696.jpg,4_14_38
90702.jpg,1_4_28
90703.jpg,5_17_78
90717.jpg,1_4_28
90741.jpg,5_17_6
90745.jpg,4_16_44
90749.jpg,2_9_14
90762.jpg,1_6_76
90766.jpg,0_1_60
90770.jpg,1_4_28
90771.jpg,1_4_59
90776.jpg,0_1_16
90778.jpg,4_14_9
90793.jpg,1_5_72
90799.jpg,0_3_74
90800.jpg,5_17_43
90802.jpg,4_13_79
90804.jpg,0_0_68
90809.jpg,1_4_41
90811.jpg,4_13_12
90814.jpg,0_2_81
90824.jpg,1_4_28
90827.jpg,4_13_33
90836.jpg,5_17_5
90841.jpg,4_15_54
90846.jpg,1_5_13
90848.jpg,4_13_48
90867.jpg,1_4_3
90876.jpg,4_13_12
90877.jpg,1_6_76
90880.jpg,4_14_38
90882.jpg,0_2_21
90888.jpg,3_12_51
90890.jpg,1_5_1
90894.jpg,0_2_31
90915.jpg,4_14_38
90920.jpg,3_12_51
90921.jpg,4_16_44
90922.jpg,4_16_42
90936.jpg,4_14_9
90937.jpg,0_3_39
90950.jpg,1_8_0
90953.jpg,0_0_68
90959.jpg,5_19_4
90967.jpg,1_5_30
90975.jpg,4_14_27
90991.jpg,5_17_6
90993.jpg,5_18_7
91006.jpg,5_17_71
91007.jpg,5_17_5
91008.jpg,0_1_60
91009.jpg,4_13_80
91027.jpg,4_15_56
91035.jpg,1_7_52
91040.jpg,4_13_79
91046.jpg,5_19_4
91051.jpg,4_16_15
91052.jpg,1_4_28
91057.jpg,4_13_48
91060.jpg,1_4_3
91061.jpg,5_17_70
91062.jpg,0_3_74
91072.jpg,3_11_32
91077.jpg,5_17_5
91080.jpg,5_19_2
91081.jpg,3_11_32
91083.jpg,4_16_44
91086.jpg,4_13_25
91087.jpg,0_2_21
91091.jpg,0_3_62
91093.jpg,0_1_77
91099.jpg,5_19_2
91100.jpg,2_10_46
91102.jpg,2_9_24
91106.jpg,5_19_2
91108.jpg,4_16_15
91113.jpg,0_1_17
91116.jpg,1_7_34
91122.jpg,5_17_43
91123.jpg,3_11_63
91126.jpg,1_6_58
91141.jpg,5_17_5
91146.jpg,5_17_6
91154.jpg,4_13_65
91169.jpg,0_2_22
91170.jpg,0_1_77
91173.jpg,3_11_64
91182.jpg,5_17_43
91187.jpg,2_9_50
91189.jpg,3_11_32
91197.jpg,0_0_8
91208.jpg,4_13_25
91213.jpg,3_11_23
91219.jpg,4_13_79
91224.jpg,2_9_50
91252.jpg,0_2_22
91256.jpg,3_11_64
91260.jpg,4_13_25
91291.jpg,0_2_22
91295.jpg,4_15_56
91298.jpg,4_13_48
91299.jpg,4_14_10
91301.jpg,5_17_6
91304.jpg,0_1_60
91306.jpg,4_13_12
91307.jpg,4_13_48
91314.jpg,4_14_20
91326.jpg,2_10_46
91328.jpg,0_1_36
91337.jpg,3_12_45
91345.jpg,2_9_53
91346.jpg,5_19_4
91347.jpg,1_4_59
91352.jpg,2_9_14
91368.jpg,0_3_61
91371.jpg,3_12_45
91372.jpg,0_2_29
91376.jpg,4_13_48
91380.jpg,0_1_36
91384.jpg,1_7_52
91388.jpg,5_17_6
91389.jpg,1_4_3
91398.jpg,1_5_1
91406.jpg,4_14_27
91409.jpg,1_4_59
91412.jpg,4_13_33
91417.jpg,0_0_68
91419.jpg,4_14_9
91427.jpg,5_17_6
91428.jpg,5_17_43
91429.jpg,1_4_59
91434.jpg,3_11_63
91438.jpg,2_9_14
91439.jpg,1_5_1
91451.jpg,4_13_65
91471.jpg,4_13_65
91486.jpg,1_6_76
91492.jpg,4_15_56
91493.jpg,3_11_63
91506.jpg,4_15_56
91509.jpg,1_6_76
91511.jpg,2_9_24
91519.jpg,5_17_69
91527.jpg,5_19_4
91529.jpg,0_1_60
91538.jpg,0_2_40
91547.jpg,0_0_18
91558.jpg,0_2_22
91568.jpg,2_9_14
91569.jpg,1_4_3
91571.jpg,4_14_9
91573.jpg,1_5_13
91577.jpg,1_5_72
91587.jpg,0_2_75
91588.jpg,1_7_49
91594.jpg,5_17_70
91604.jpg,1_7_52
91607.jpg,4_13_25
91612.jpg,5_18_7
91613.jpg,0_2_40
91615.jpg,2_9_11
91625.jpg,0_1_36
91630.jpg,1_8_47
91631.jpg,3_11_64
91639.jpg,4_15_54
91641.jpg,0_3_39
91646.jpg,1_8_35
91651.jpg,0_1_17
91652.jpg,1_4_41
91664.jpg,2_9_50
91665.jpg,4_13_25
91666.jpg,0_1_77
91671.jpg,1_4_41
91675.jpg,2_10_46
91679.jpg,0_1_77
91686.jpg,3_11_23
91699.jpg,0_0_68
91702.jpg,0_3_61
91706.jpg,0_3_74
91713.jpg,4_13_48
91717.jpg,0_0_18
91720.jpg,4_13_65
91726.jpg,0_2_21
91743.jpg,5_17_71
91758.jpg,4_16_26
91759.jpg,3_11_32
91770.jpg,3_11_32
91771.jpg,0_2_29
91781.jpg,1_4_57
91782.jpg,4_13_12
91785.jpg,2_10_55
91790.jpg,3_11_63
91791.jpg,5_17_69
91792.jpg,4_13_66
91804.jpg,1_8_47
91810.jpg,4_14_38
91812.jpg,5_17_6
91814.jpg,0_3_74
91815.jpg,5_19_4
91821.jpg,4_13_25
91822.jpg,1_8_47
91824.jpg,4_13_66
91826.jpg,2_9_53
91828.jpg,0_2_29
91829.jpg,4_16_26
91831.jpg,1_8_47
91853.jpg,4_13_12
91857.jpg,5_17_70
91862.jpg,2_9_24
91871.jpg,2_9_24
91872.jpg,1_4_41
91878.jpg,4_13_80
91890.jpg,0_3_61
91891.jpg,1_7_49
91894.jpg,1_5_30
91901.jpg,2_10_55
91902.jpg,1_4_59
91904.jpg,4_13_79
91907.jpg,0_3_73
91920.jpg,0_3_39
91922.jpg,1_8_35
91926.jpg,4_14_20
91932.jpg,0_2_31
91937.jpg,0_2_40
91938.jpg,2_10_55
91939.jpg,5_19_4
91941.jpg,3_11_64
91946.jpg,5_17_78
91947.jpg,4_13_25
91954.jpg,1_6_58
91960.jpg,1_5_72
91963.jpg,4_13_33
91966.jpg,1_4_3
91980.jpg,0_1_16
91982.jpg,0_2_31
91991.jpg,4_13_79
91996.jpg,0_3_62
91997.jpg,3_11_64
92008.jpg,0_2_81
92015.jpg,4_16_26
92020.jpg,5_19_2
92022.jpg,4_15_56
92039.jpg,4_16_26
92045.jpg,4_13_66
92054.jpg,3_12_45
92055.jpg,0_3_39
92056.jpg,1_6_58
92057.jpg,0_2_22
92058.jpg,0_0_68
92060.jpg,0_1_17
92061.jpg,1_4_59
92066.jpg,1_8_0
92067.jpg,0_2_22
92068.jpg,2_10_46
92073.jpg,4_15_54
92075.jpg,0_3_39
92079.jpg,2_10_19
92080.jpg,2_9_50
92086.jpg,1_8_47
92102.jpg,4_13_48
92106.jpg,2_9_53
92109.jpg,0_3_62
92117.jpg,5_17_5
92120.jpg,4_13_79
92126.jpg,2_9_24
92138.jpg,4_13_65
92153.jpg,3_11_63
92158.jpg,3_11_64
92163.jpg,3_11_37
92174.jpg,4_14_38
92177.jpg,1_5_30
92184.jpg,4_13_12
92196.jpg,0_1_17
92206.jpg,5_17_6
92208.jpg,0_1_36
92215.jpg,0_0_18
92231.jpg,1_5_30
92240.jpg,2_9_11
92241.jpg,1_8_0
92245.jpg,1_8_35
92247.jpg,4_14_20
92249.jpg,2_9_11
92255.jpg,2_10_19
92259.jpg,1_7_52
92290.jpg,5_17_69
92296.jpg,4_16_44
92297.jpg,2_9_14
92298.jpg,0_2_81
92302.jpg,2_10_46
92308.jpg,1_4_59
92310.jpg,0_3_61
92312.jpg,5_18_7
92318.jpg,0_2_75
92329.jpg,2_9_24
92339.jpg,1_6_76
92354.jpg,1_8_47
92356.jpg,5_19_4
92366.jpg,0_3_73
92369.jpg,2_9_53
92373.jpg,3_11_64
92375.jpg,5_17_78
92387.jpg,5_17_6
92392.jpg,0_3_39
92395.jpg,3_11_37
92396.jpg,1_7_34
92403.jpg,5_17_6
92410.jpg,0_3_61
92413.jpg,4_16_44
92417.jpg,2_9_11
92418.jpg,0_2_31
92422.jpg,5_18_7
92425.jpg,4_14_38
92429.jpg,5_17_6
92430.jpg,0_0_68
92434.jpg,4_16_15
92436.jpg,0_3_73
92437.jpg,4_13_25
92441.jpg,0_2_29
92444.jpg,0_2_81
92446.jpg,0_3_74
92449.jpg,1_8_0
92455.jpg,4_13_65
92457.jpg,0_3_74
92467.jpg,4_13_66
92483.jpg,0_0_18
92487.jpg,4_16_26
92490.jpg,3_12_51
92492.jpg,2_9_50
92496.jpg,2_10_19
92499.jpg,0_2_81
92501.jpg,0_2_40
92503.jpg,1_7_34
92520.jpg,5_17_70
92554.jpg,1_5_13
92557.jpg,3_11_32
92559.jpg,1_7_34
92576.jpg,0_3_39
92580.jpg,1_8_47
92587.jpg,3_11_64
92597.jpg,3_11_37
92606.jpg,1_4_59
92624.jpg,0_0_18
92626.jpg,5_17_70
92628.jpg,0_2_75
92630.jpg,5_17_69
92634.jpg,0_1_36
92638.jpg,5_18_7
92656.jpg,4_16_15
92659.jpg,0_1_36
92672.jpg,4_14_27
92675.jpg,0_1_36
92692.jpg,5_19_4
92700.jpg,0_3_61
92710.jpg,1_4_59
92711.jpg,1_5_72
92715.jpg,4_13_65
92718.jpg,2_9_14
92723.jpg,5_17_6
92732.jpg,1_7_49
92742.jpg,0_1_60
92743.jpg,0_3_39
92744.jpg,5_17_5
92751.jpg,1_5_72
92753.jpg,4_14_9
92758.jpg,4_16_42
92761.jpg,4_14_9
92766.jpg,0_2_29
92768.jpg,4_16_26
92774.jpg,3_11_23
92777.jpg,2_9_53
92785.jpg,5_19_2
92787.jpg,0_2_21
92791.jpg,2_9_11
92794.jpg,3_11_32
92795.jpg,4_13_80
92797.jpg,3_12_51
92799.jpg,5_17_71
92800.jpg,2_10_19
92818.jpg,4_14_38
92821.jpg,0_3_61
92827.jpg,3_11_63
92831.jpg,5_17_78
92841.jpg,0_0_8
92849.jpg,4_13_80
92850.jpg,3_11_64
92870.jpg,3_11_32
92872.jpg,0_1_36
92873.jpg,1_7_34
92874.jpg,0_1_17
92878.jpg,0_2_21
92883.jpg,0_2_81
92885.jpg,0_2_21
92886.jpg,1_6_76
92890.jpg,0_2_29
92894.jpg,0_2_75
92896.jpg,3_11_37
92901.jpg,5_19_2
92910.jpg,1_7_49
92917.jpg,0_2_40
92918.jpg,1_4_3
92941.jpg,0_1_77
92952.jpg,4_16_26
92954.jpg,2_10_19
92965.jpg,0_0_18
92973.jpg,3_11_63
92975.jpg,0_1_77
92994.jpg,4_14_20
93003.jpg,5_19_2
93006.jpg,3_11_32
93016.jpg,4_14_10
93019.jpg,0_2_40
93020.jpg,2_10_46
93021.jpg,0_1_17
93028.jpg,0_3_39
93038.jpg,1_4_3
93044.jpg,1_6_58
93056.jpg,5_19_2
93066.jpg,0_3_62
93068.jpg,0_1_36
93078.jpg,2_9_14
93083.jpg,0_3_39
93086.jpg,1_7_34
93094.jpg,3_11_23
93097.jpg,4_14_38
93107.jpg,4_16_15
93108.jpg,4_14_20
93109.jpg,1_4_28
93110.jpg,1_8_47
93116.jpg,1_8_35
93123.jpg,5_19_4
93124.jpg,3_11_37
93129.jpg,1_8_35
93134.jpg,1_4_57
93139.jpg,4_13_66
93148.jpg,0_1_16
93150.jpg,2_9_50
93153.jpg,4_16_44
93158.jpg,2_9_50
93165.jpg,0_3_74
93167.jpg,1_7_67
93171.jpg,0_1_77
93175.jpg,1_4_41
93182.jpg,4_16_44
93192.jpg,3_11_23
93196.jpg,0_1_77
93198.jpg,2_10_19
93200.jpg,4_16_15
93201.jpg,4_13_80
93202.jpg,0_1_36
93206.jpg,0_2_81
93210.jpg,4_13_25
93214.jpg,1_7_67
93216.jpg,0_3_74
93224.jpg,0_3_39
93225.jpg,5_19_4
93231.jpg,1_5_13
93233.jpg,0_2_29
93234.jpg,4_14_27
93237.jpg,5_19_4
93238.jpg,1_4_3
93243.jpg,0_1_77
93248.jpg,4_13_33
93263.jpg,4_13_48
93265.jpg,3_11_23
93268.jpg,3_11_32
93276.jpg,4_16_44
93278.jpg,0_3_73
93279.jpg,4_13_80
93281.jpg,1_5_13
93294.jpg,4_13_79
93298.jpg,0_1_77
93300.jpg,1_8_47
93301.jpg,4_16_26
93305.jpg,0_0_68
93314.jpg,1_8_47
93317.jpg,5_17_70
93319.jpg,2_10_19
93323.jpg,0_2_81
93324.jpg,4_16_15
93325.jpg,3_11_37
93328.jpg,4_16_44
93331.jpg,4_13_66
93336.jpg,1_6_76
93337.jpg,4_13_12
93362.jpg,3_11_37
93366.jpg,1_7_34
93372.jpg,1_7_49
93381.jpg,4_14_38
93382.jpg,1_5_13
93389.jpg,1_8_35
93391.jpg,1_4_59
93408.jpg,5_17_69
93410.jpg,0_2_40
93411.jpg,4_13_80
93413.jpg,0_3_62
93415.jpg,0_0_18
93418.jpg,0_3_74
93429.jpg,0_1_77
93430.jpg,4_13_79
93435.jpg,2_9_11
93441.jpg,0_2_21
93445.jpg,2_10_55
93447.jpg,4_14_9
93458.jpg,1_7_67
93463.jpg,0_1_17
93468.jpg,1_5_30
93477.jpg,4_16_26
93478.jpg,0_2_81
93488.jpg,2_10_19
93491.jpg,5_17_70
93494.jpg,4_14_27
93496.jpg,4_13_79
93497.jpg,3_12_51
93505.jpg,4_16_15
93506.jpg,4_13_79
93523.jpg,5_19_2
93527.jpg,5_17_71
93532.jpg,1_7_67
93541.jpg,2_10_46
93552.jpg,0_1_36
93553.jpg,1_5_13
93564.jpg,4_14_20
93575.jpg,4_13_33
93577.jpg,4_14_20
93586.jpg,5_17_78
93592.jpg,0_1_17
93598.jpg,0_1_16
93605.jpg,4_14_20
93608.jpg,1_7_52
93610.jpg,0_3_74
93615.jpg,0_2_31
93620.jpg,1_4_59
93628.jpg,1_4_57
93638.jpg,0_3_73
93639.jpg,4_15_54
93650.jpg,4_13_79
93655.jpg,3_12_45
93658.jpg,2_9_50
93668.jpg,4_13_66
93669.jpg,0_2_81
93673.jpg,4_16_26
93678.jpg,5_17_69
93686.jpg,4_14_27
93689.jpg,4_14_38
93693.jpg,1_4_3
93703.jpg,0_0_18
93707.jpg,2_9_53
93708.jpg,1_5_13
93715.jpg,4_13_80
93718.jpg,5_17_43
93724.jpg,1_5_30
93725.jpg,0_0_68
93726.jpg,1_8_0
93731.jpg,0_1_36
93732.jpg,1_4_3
93737.jpg,1_4_41
93748.jpg,0_3_73
93759.jpg,2_10_46
93763.jpg,0_1_16
93773.jpg,3_11_37
93777.jpg,4_13_66
93781.jpg,0_3_62
93783.jpg,2_10_46
93785.jpg,4_14_20
93791.jpg,0_2_21
93807.jpg,1_7_49
93812.jpg,0_2_29
93813.jpg,0_0_68
93815.jpg,0_3_74
93821.jpg,0_2_81
93825.jpg,0_0_68
93827.jpg,4_13_66
93833.jpg,0_1_77
93838.jpg,1_5_1
93843.jpg,0_0_8
93863.jpg,3_11_64
93869.jpg,5_17_69
93878.jpg,1_7_49
93903.jpg,1_7_67
93904.jpg,0_3_73
93909.jpg,5_17_5
93916.jpg,4_13_66
93917.jpg,5_17_69
93918.jpg,5_17_6
93936.jpg,1_7_52
93938.jpg,4_13_80
93941.jpg,2_9_11
93943.jpg,4_13_65
93950.jpg,1_5_1
93958.jpg,1_5_1
93963.jpg,0_0_8
93964.jpg,0_1_36
93970.jpg,0_2_22
93972.jpg,3_11_37
93976.jpg,5_17_70
93977.jpg,1_6_76
93991.jpg,0_1_36
93992.jpg,0_0_68
93998.jpg,5_17_71
94000.jpg,3_11_32
94005.jpg,5_19_4
94008.jpg,4_16_15
94021.jpg,0_3_61
94024.jpg,0_2_22
94025.jpg,1_7_34
94039.jpg,0_1_17
94042.jpg,2_9_14
94043.jpg,4_14_27
94049.jpg,1_4_59
94050.jpg,3_11_63
94052.jpg,2_10_19
94055.jpg,2_9_24
94065.jpg,1_8_0
94066.jpg,3_12_51
94072.jpg,2_9_14
94084.jpg,0_2_22
94085.jpg,0_2_40
94094.jpg,3_12_45
94103.jpg,4_14_9
94108.jpg,2_9_24
94112.jpg,2_10_19
94113.jpg,1_4_57
94116.jpg,4_13_25
94119.jpg,1_5_1
94125.jpg,2_9_24
94129.jpg,4_13_33
94137.jpg,5_17_78
94140.jpg,2_9_24
94147.jpg,0_1_77
94160.jpg,0_3_74
94165.jpg,2_9_24
94168.jpg,2_9_50
94170.jpg,1_5_1
94176.jpg,1_5_30
94177.jpg,0_2_21
94183.jpg,2_9_14
94186.jpg,5_17_5
94194.jpg,5_17_6
94208.jpg,4_13_33
94209.jpg,1_8_35
94215.jpg,0_0_8
94217.jpg,5_19_2
94237.jpg,5_17_70
94248.jpg,2_9_11
94252.jpg,3_11_63
94256.jpg,1_7_49
94258.jpg,3_11_37
94263.jpg,0_1_36
94269.jpg,5_17_6
94272.jpg,1_5_1
94278.jpg,3_12_45
94287.jpg,4_14_38
94290.jpg,0_2_75
94291.jpg,0_0_18
94306.jpg,0_3_73
94323.jpg,1_8_35
94327.jpg,4_13_65
94332.jpg,4_13_48
94333.jpg,4_16_44
94340.jpg,3_11_64
94346.jpg,1_4_28
94348.jpg,4_14_10
94355.jpg,4_15_54
94360.jpg,3_11_63
94361.jpg,3_11_63
94362.jpg,0_2_75
94363.jpg,4_14_38
94367.jpg,1_5_13
94370.jpg,5_19_2
94383.jpg,2_9_24
94392.jpg,1_4_41
94393.jpg,2_9_53
94394.jpg,4_15_56
94398.jpg,1_4_57
94400.jpg,5_17_5
94407.jpg,0_2_40
94411.jpg,4_16_42
94412.jpg,4_13_48
94415.jpg,1_7_49
94423.jpg,1_7_34
94424.jpg,3_11_32
94435.jpg,4_14_27
94443.jpg,5_18_7
94460.jpg,5_17_78
94465.jpg,0_1_17
94468.jpg,4_13_80
94470.jpg,0_1_77
94471.jpg,5_17_6
94473.jpg,0_0_8
94489.jpg,4_13_66
94492.jpg,4_16_44
94497.jpg,5_17_70
94507.jpg,5_17_71
94509.jpg,1_7_67
94514.jpg,1_6_58
94520.jpg,4_16_15
94523.jpg,0_2_75
94525.jpg,3_11_23
94534.jpg,2_9_24
94536.jpg,0_0_68
94545.jpg,4_14_38
94559.jpg,0_2_29
94560.jpg,2_9_11
94565.jpg,0_3_74
94567.jpg,3_11_64
94579.jpg,4_15_54
94596.jpg,3_11_32
94602.jpg,4_15_56
94614.jpg,1_5_30
94625.jpg,0_0_18
94628.jpg,2_9_11
94629.jpg,5_17_6
94632.jpg,4_16_42
94633.jpg,3_11_32
94637.jpg,0_1_36
94639.jpg,0_2_29
94648.jpg,0_1_60
94655.jpg,4_15_54
94656.jpg,0_2_29
94660.jpg,1_5_1
94668.jpg,1_4_59
94672.jpg,0_2_22
94677.jpg,0_3_73
94681.jpg,3_11_32
94682.jpg,1_4_59
94683.jpg,5_17_43
94685.jpg,2_9_11
94686.jpg,4_13_33
94695.jpg,1_4_57
94703.jpg,0_3_62
94708.jpg,1_5_1
94716.jpg,4_14_38
94724.jpg,1_4_28
94730.jpg,1_6_76
94734.jpg,0_1_77
94742.jpg,4_14_20
94746.jpg,0_3_61
94757.jpg,2_10_55
94764.jpg,0_0_8
94772.jpg,4_14_38
94775.jpg,4_15_56
94777.jpg,4_15_56
94778.jpg,5_17_6
94784.jpg,0_3_73
94791.jpg,4_16_15
94795.jpg,4_14_20
94801.jpg,5_17_70
94805.jpg,1_6_76
94806.jpg,5_19_4
94810.jpg,0_2_31
94814.jpg,5_17_69
94819.jpg,1_5_13
94832.jpg,2_9_50
94834.jpg,3_11_63
94837.jpg,1_5_30
94838.jpg,4_13_25
94847.jpg,4_13_25
94852.jpg,4_14_10
94854.jpg,2_9_11
94860.jpg,2_10_19
94867.jpg,5_18_7
94869.jpg,0_2_29
94871.jpg,1_5_72
94873.jpg,0_1_77
94880.jpg,4_14_27
94881.jpg,3_12_45
94886.jpg,4_14_27
94900.jpg,3_11_23
94901.jpg,2_9_24
94908.jpg,0_1_16
94911.jpg,1_6_76
94923.jpg,4_13_33
94937.jpg,0_3_61
94944.jpg,3_11_37
94946.jpg,0_2_81
94947.jpg,0_2_21
94952.jpg,0_1_16
94954.jpg,0_2_75
94960.jpg,4_16_42
94974.jpg,1_4_57
94978.jpg,1_8_35
94985.jpg,5_17_71
95005.jpg,4_13_33
95009.jpg,1_7_49
95013.jpg,2_9_11
95016.jpg,4_14_20
95018.jpg,1_4_57
95025.jpg,5_17_70
95026.jpg,5_18_7
95029.jpg,2_9_11
95037.jpg,4_14_20
95038.jpg,5_19_2
95044.jpg,1_5_72
95050.jpg,1_7_52
95055.jpg,5_17_5
95057.jpg,4_14_20
95063.jpg,1_8_47
95081.jpg,4_13_66
95082.jpg,4_13_80
95087.jpg,1_5_72
95094.jpg,1_7_67
95104.jpg,4_13_12
95116.jpg,1_8_47
95120.jpg,0_2_40
95132.jpg,3_11_23
95144.jpg,4_16_15
95161.jpg,4_14_9
95164.jpg,0_3_61
95169.jpg,0_3_74
95181.jpg,0_1_36
95184.jpg,4_16_42
95192.jpg,5_17_5
95218.jpg,0_2_21
95230.jpg,1_6_76
95232.jpg,0_1_77
95233.jpg,1_5_1
95248.jpg,1_8_47
95255.jpg,1_5_30
95258.jpg,4_13_66
95267.jpg,2_10_46
95268.jpg,4_13_33
95270.jpg,2_9_11
95276.jpg,1_7_67
95279.jpg,1_4_28
95280.jpg,4_16_26
95292.jpg,5_19_4
95293.jpg,1_7_34
95302.jpg,4_14_10
95304.jpg,4_13_65
95309.jpg,0_2_31
95314.jpg,0_0_68
95317.jpg,4_13_48
95335.jpg,5_17_5
95341.jpg,5_17_71
95346.jpg,1_5_13
95348.jpg,5_17_43
95354.jpg,4_14_20
95358.jpg,4_13_48
95371.jpg,4_16_44
95376.jpg,1_4_28
95379.jpg,3_11_32
95391.jpg,1_4_59
95402.jpg,4_13_48
95425.jpg,0_2_21
95429.jpg,0_2_40
95436.jpg,1_5_72
95437.jpg,2_10_55
95439.jpg,1_8_0
95448.jpg,0_2_31
95455.jpg,1_5_30
95457.jpg,1_8_35
95461.jpg,2_10_46
95475.jpg,4_13_12
95484.jpg,4_13_79
95493.jpg,4_13_25
95512.jpg,1_4_59
95521.jpg,0_1_60
95528.jpg,5_17_6
95533.jpg,2_9_50
95539.jpg,3_11_63
95540.jpg,1_7_49
95551.jpg,5_17_6
95555.jpg,5_19_4
95558.jpg,5_17_70
95560.jpg,1_4_59
95562.jpg,4_15_56
95564.jpg,3_11_37
95569.jpg,1_7_49
95571.jpg,1_4_41
95576.jpg,5_17_71
95579.jpg,4_14_38
95581.jpg,4_13_48
95582.jpg,0_1_77
95591.jpg,0_1_16
95594.jpg,0_2_22
95605.jpg,1_4_3
95606.jpg,1_8_35
95622.jpg,4_14_10
95623.jpg,3_11_64
95624.jpg,4_16_15
95632.jpg,1_6_58
95633.jpg,0_0_18
95640.jpg,1_4_28
95647.jpg,0_1_16
95666.jpg,1_4_41
95681.jpg,4_13_25
95689.jpg,1_4_59
95690.jpg,5_17_5
95692.jpg,5_17_6
95693.jpg,5_19_4
95694.jpg,4_14_20
95709.jpg,1_8_35
95722.jpg,1_5_30
95726.jpg,1_4_59
95731.jpg,0_2_75
95740.jpg,0_0_8
95743.jpg,5_19_2
95748.jpg,3_12_45
95749.jpg,4_13_48
95750.jpg,0_0_8
95757.jpg,1_8_47
95761.jpg,3_12_45
95765.jpg,0_2_75
95770.jpg,0_0_8
95786.jpg,4_13_79
95789.jpg,0_3_73
95794.jpg,2_9_11
95798.jpg,0_2_81
95800.jpg,5_19_4
95801.jpg,1_5_13
95802.jpg,2_9_11
95805.jpg,1_4_28
95806.jpg,0_2_31
95813.jpg,4_16_15
95816.jpg,4_14_38
95819.jpg,1_4_59
95823.jpg,1_6_58
95828.jpg,3_11_37
95835.jpg,5_19_2
95842.jpg,1_5_1
95844.jpg,4_14_9
95845.jpg,2_10_55
95875.jpg,0_3_74
95879.jpg,2_10_46
95887.jpg,4_14_9
95890.jpg,3_11_23
95891.jpg,1_4_57
95898.jpg,1_4_41
95908.jpg,2_9_50
95928.jpg,5_19_4
95929.jpg,5_17_78
95932.jpg,1_4_41
95936.jpg,0_2_75
95937.jpg,3_11_64
95940.jpg,0_1_17
95954.jpg,0_3_73
95956.jpg,4_13_48
95963.jpg,4_13_65
95972.jpg,5_17_6
95977.jpg,1_4_57
95978.jpg,4_15_54
95980.jpg,3_11_63
95997.jpg,1_8_0
96004.jpg,1_4_59
96018.jpg,1_4_3
96024.jpg,5_17_43
96030.jpg,1_5_72
96034.jpg,0_0_18
96040.jpg,4_15_54
96047.jpg,0_2_29
96050.jpg,5_17_43
96055.jpg,2_9_11
96058.jpg,5_17_78
96059.jpg,0_3_73
96074.jpg,0_2_21
96077.jpg,2_9_50
96096.jpg,1_7_52
96103.jpg,2_9_50
96105.jpg,5_18_7
96109.jpg,0_2_29
96113.jpg,5_19_4
96122.jpg,5_17_70
96127.jpg,5_17_78
96159.jpg,2_9_11
96160.jpg,1_8_0
96163.jpg,1_8_47
96165.jpg,1_4_57
96166.jpg,5_18_7
96167.jpg,1_4_3
96168.jpg,4_13_12
96171.jpg,3_11_64
96178.jpg,1_4_28
96179.jpg,0_2_81
96183.jpg,0_1_16
96185.jpg,5_18_7
96187.jpg,0_0_18
96188.jpg,0_2_81
96216.jpg,1_4_57
96218.jpg,1_5_13
96221.jpg,2_10_19
96223.jpg,0_1_17
96232.jpg,1_6_76
96234.jpg,1_8_47
96239.jpg,1_5_72
96243.jpg,5_18_7
96244.jpg,0_1_16
96245.jpg,3_12_45
96267.jpg,1_4_59
96280.jpg,3_11_37
96283.jpg,5_17_71
96286.jpg,3_11_63
96287.jpg,1_8_47
96292.jpg,3_12_51
96294.jpg,1_4_57
96301.jpg,1_8_35
96315.jpg,1_7_52
96320.jpg,0_3_39
96321.jpg,0_1_36
96337.jpg,4_14_20
96359.jpg,5_17_43
96374.jpg,0_3_61
96386.jpg,1_4_57
96387.jpg,1_7_52
96389.jpg,3_11_23
96395.jpg,3_12_45
96401.jpg,4_13_80
96404.jpg,4_13_48
96406.jpg,0_2_81
96409.jpg,3_12_45
96411.jpg,2_9_11
96412.jpg,1_5_72
96413.jpg,0_2_22
96420.jpg,4_15_54
96422.jpg,5_17_6
96430.jpg,5_19_2
96442.jpg,2_9_11
96444.jpg,2_9_53
96455.jpg,0_3_39
96463.jpg,2_9_24
96464.jpg,1_4_3
96474.jpg,3_11_64
96476.jpg,2_9_53
96477.jpg,1_7_52
96491.jpg,1_7_67
96494.jpg,0_3_73
96496.jpg,1_5_1
96522.jpg,0_1_36
96526.jpg,4_16_44
96528.jpg,1_6_58
96539.jpg,0_2_29
96540.jpg,4_13_25
96550.jpg,1_7_67
96555.jpg,1_5_1
96569.jpg,1_7_49
96585.jpg,4_16_42
96586.jpg,4_15_56
96588.jpg,3_12_51
96590.jpg,4_15_54
96596.jpg,2_10_46
96607.jpg,1_8_35
96658.jpg,4_16_44
96662.jpg,0_2_29
96663.jpg,0_3_74
96670.jpg,1_5_1
96671.jpg,3_12_45
96676.jpg,1_7_34
96680.jpg,4_15_56
96687.jpg,0_2_29
96692.jpg,1_4_28
96700.jpg,1_5_30
96702.jpg,4_13_25
96713.jpg,5_17_70
96722.jpg,3_12_45
96725.jpg,4_14_10
96731.jpg,4_13_48
96735.jpg,3_11_63
96742.jpg,0_1_17
96743.jpg,1_7_49
96746.jpg,0_1_17
96749.jpg,4_14_20
96766.jpg,4_14_27
96769.jpg,1_5_72
96772.jpg,0_3_61
96773.jpg,2_9_11
96795.jpg,0_2_22
96798.jpg,0_2_29
96802.jpg,0_1_36
96804.jpg,2_9_50
96806.jpg,1_4_59
96812.jpg,4_16_15
96827.jpg,0_2_31
96829.jpg,4_13_66
96835.jpg,4_13_79
96836.jpg,5_19_2
96838.jpg,4_14_27
96848.jpg,1_4_57
96849.jpg,1_6_58
96854.jpg,2_9_11
96855.jpg,2_9_53
96862.jpg,2_10_19
96864.jpg,0_3_73
96883.jpg,5_19_2
96890.jpg,0_1_36
96891.jpg,0_0_8
96912.jpg,0_2_22
96922.jpg,0_2_29
96940.jpg,3_12_51
96944.jpg,0_1_60
96948.jpg,1_8_35
96950.jpg,0_2_22
96953.jpg,1_5_30
96955.jpg,0_3_62
96960.jpg,1_4_41
96965.jpg,0_3_62
96974.jpg,4_13_80
96981.jpg,4_13_65
96985.jpg,3_11_64
96991.jpg,4_14_10
97009.jpg,4_13_66
97012.jpg,5_17_70
97019.jpg,0_3_39
97026.jpg,3_12_45
97031.jpg,0_1_60
97036.jpg,0_2_40
97044.jpg,0_2_81
97053.jpg,2_10_55
97055.jpg,4_16_26
97059.jpg,5_17_70
97060.jpg,5_17_78
97082.jpg,2_9_11
97086.jpg,0_2_75
97092.jpg,4_13_33
97098.jpg,1_5_13
97100.jpg,0_0_18
97113.jpg,4_13_33
97114.jpg,0_2_40
97118.jpg,5_19_2
97122.jpg,1_7_67
97132.jpg,3_11_23
97133.jpg,3_11_63
97135.jpg,1_8_0
97140.jpg,4_14_27
97141.jpg,3_11_23
97142.jpg,0_2_81
97147.jpg,4_13_79
97161.jpg,1_4_57
97165.jpg,5_17_71
97167.jpg,1_4_41
97172.jpg,0_2_29
97175.jpg,0_1_60
97179.jpg,1_8_47
97186.jpg,5_17_71
97194.jpg,4_13_33
97201.jpg,5_17_70
97209.jpg,1_4_28
97217.jpg,0_2_31
97220.jpg,1_7_67
97221.jpg,0_1_17
97222.jpg,2_9_50
97228.jpg,4_14_27
97229.jpg,1_4_28
97231.jpg,1_7_49
97239.jpg,0_2_75
97256.jpg,4_13_12
97266.jpg,1_5_13
97267.jpg,4_14_38
97279.jpg,5_17_6
97294.jpg,4_13_48
97295.jpg,2_10_46
97302.jpg,3_11_32
97305.jpg,4_13_80
97308.jpg,1_8_0
97310.jpg,1_5_30
97311.jpg,2_10_55
97318.jpg,1_7_34
97319.jpg,4_15_56
97335.jpg,4_15_56
97343.jpg,1_5_30
97354.jpg,3_11_32
97363.jpg,1_8_35
97369.jpg,4_13_33
97370.jpg,4_16_26
97378.jpg,5_19_4
97380.jpg,1_7_49
97383.jpg,4_14_38
97387.jpg,0_1_60
97390.jpg,1_4_41
97393.jpg,4_14_27
97400.jpg,1_6_76
97401.jpg,4_14_9
97402.jpg,3_11_23
97404.jpg,0_2_75
97423.jpg,3_11_37
97437.jpg,4_13_79
97440.jpg,4_14_38
97444.jpg,5_17_5
97445.jpg,0_1_77
97450.jpg,0_1_60
97460.jpg,1_4_3
97462.jpg,0_2_75
97467.jpg,0_0_8
97469.jpg,0_1_17
97471.jpg,4_13_12
97478.jpg,5_17_71
97487.jpg,2_9_14
97497.jpg,1_5_13
97516.jpg,0_3_73
97518.jpg,1_7_67
97524.jpg,0_2_22
97531.jpg,3_11_32
97539.jpg,4_15_56
97548.jpg,1_6_76
97552.jpg,4_14_27
97561.jpg,1_6_58
97562.jpg,5_19_4
97570.jpg,4_13_80
97582.jpg,5_19_4
97585.jpg,3_11_63
97590.jpg,0_3_73
97592.jpg,0_2_21
97608.jpg,2_10_46
97612.jpg,0_3_73
97619.jpg,4_16_42
97620.jpg,4_14_27
97621.jpg,2_9_11
97622.jpg,4_13_66
97624.jpg,4_15_56
97626.jpg,2_9_14
97642.jpg,4_13_66
97644.jpg,0_2_31
97655.jpg,0_2_81
97669.jpg,1_4_59
97672.jpg,5_17_6
97676.jpg,2_10_55
97677.jpg,5_19_2
97682.jpg,0_1_60
97685.jpg,3_12_51
97691.jpg,4_13_25
97700.jpg,0_3_61
97703.jpg,1_5_30
97712.jpg,1_8_0
97721.jpg,1_4_57
97740.jpg,0_1_77
97745.jpg,5_19_4
97751.jpg,3_11_64
97752.jpg,5_17_43
97755.jpg,0_0_68
97760.jpg,4_16_42
97761.jpg,4_13_80
97771.jpg,2_9_14
97773.jpg,3_11_23
97784.jpg,1_7_34
97789.jpg,4_13_80
97791.jpg,0_2_22
97792.jpg,0_1_77
97803.jpg,5_17_5
97804.jpg,1_4_41
97809.jpg,0_2_31
97810.jpg,5_17_70
97822.jpg,5_19_4
97826.jpg,5_17_69
97851.jpg,4_13_33
97853.jpg,3_11_37
97860.jpg,2_9_24
97862.jpg,3_11_63
97867.jpg,0_1_17
97874.jpg,4_13_25
97877.jpg,3_11_23
97885.jpg,4_13_65
97890.jpg,1_7_34
97891.jpg,2_9_14
97903.jpg,1_5_72
97910.jpg,4_15_56
97912.jpg,4_14_9
97915.jpg,0_0_68
97917.jpg,0_2_31
97927.jpg,1_5_1
97929.jpg,0_3_61
97932.jpg,0_2_29
97939.jpg,0_2_31
97940.jpg,0_2_22
97944.jpg,5_19_2
97946.jpg,3_11_32
97953.jpg,0_3_61
97959.jpg,0_3_73
97966.jpg,4_13_65
97971.jpg,4_16_42
97972.jpg,4_15_54
97975.jpg,1_4_28
97981.jpg,3_12_45
97982.jpg,1_7_52
97985.jpg,5_17_43
97988.jpg,2_9_50
97994.jpg,3_11_32
98004.jpg,4_13_80
98020.jpg,0_2_22
98029.jpg,0_2_75
98043.jpg,0_0_68
98046.jpg,1_7_34
98049.jpg,4_14_20
98054.jpg,0_3_61
98060.jpg,2_10_19
98071.jpg,1_8_0
98086.jpg,1_5_1
98091.jpg,0_1_16
98092.jpg,0_1_36
98095.jpg,2_9_50
98128.jpg,1_6_58
98132.jpg,2_10_19
98157.jpg,0_2_22
98161.jpg,1_5_13
98166.jpg,4_15_56
98169.jpg,5_19_2
98175.jpg,0_3_62
98183.jpg,5_19_4
98184.jpg,5_19_2
98191.jpg,0_0_18
98193.jpg,4_13_12
98199.jpg,5_17_78
98202.jpg,5_17_78
98204.jpg,1_5_30
98206.jpg,1_5_72
98207.jpg,1_8_35
98216.jpg,0_1_17
98225.jpg,5_17_5
98242.jpg,0_2_40
98249.jpg,2_9_53
98255.jpg,0_3_74
98260.jpg,1_5_72
98263.jpg,1_8_35
98264.jpg,4_15_54
98267.jpg,0_2_75
98272.jpg,0_2_22
98276.jpg,4_15_56
98285.jpg,1_4_41
98299.jpg,4_13_65
98301.jpg,0_3_73
98304.jpg,5_18_7
98305.jpg,5_17_70
98315.jpg,0_2_81
98321.jpg,0_0_68
98328.jpg,0_1_77
98348.jpg,5_19_4
98352.jpg,4_13_79
98374.jpg,4_13_80
98378.jpg,5_18_7
98382.jpg,3_12_51
98383.jpg,0_2_31
98386.jpg,4_16_44
98387.jpg,2_9_11
98392.jpg,0_0_18
98395.jpg,2_9_53
98402.jpg,0_1_16
98405.jpg,4_14_9
98408.jpg,0_1_17
98409.jpg,1_8_0
98413.jpg,5_17_6
98414.jpg,0_1_60
98425.jpg,1_8_47
98426.jpg,3_12_51
98429.jpg,4_14_27
98432.jpg,0_2_75
98433.jpg,1_4_28
98437.jpg,1_5_1
98457.jpg,4_16_42
98463.jpg,4_14_27
98464.jpg,2_9_50
98474.jpg,0_1_77
98477.jpg,1_7_34
98480.jpg,4_13_12
98481.jpg,5_19_4
98483.jpg,3_11_63
98501.jpg,4_13_25
98503.jpg,4_15_54
98509.jpg,1_7_52
98530.jpg,1_5_72
98533.jpg,1_7_34
98544.jpg,1_7_34
98552.jpg,2_9_50
98553.jpg,5_17_5
98555.jpg,4_14_27
98558.jpg,4_14_27
98561.jpg,2_9_24
98567.jpg,5_17_5
98575.jpg,1_6_58
98578.jpg,1_8_0
98585.jpg,2_9_14
98595.jpg,2_9_14
98600.jpg,5_17_69
98603.jpg,0_2_22
98607.jpg,4_16_15
98616.jpg,0_0_68
98619.jpg,5_17_70
98624.jpg,1_4_3
98626.jpg,0_0_68
98630.jpg,1_4_57
98632.jpg,0_1_60
98640.jpg,1_4_41
98641.jpg,4_14_9
98655.jpg,4_15_56
98658.jpg,4_16_15
98663.jpg,0_0_68
98676.jpg,4_16_44
98677.jpg,4_15_54
98682.jpg,5_19_2
98685.jpg,0_2_31
98687.jpg,1_5_13
98705.jpg,4_13_65
98712.jpg,4_13_79
98716.jpg,5_17_5
98733.jpg,5_17_5
98737.jpg,4_15_56
98740.jpg,4_13_48
98747.jpg,1_4_59
98748.jpg,5_17_43
98755.jpg,5_17_71
98756.jpg,1_5_72
98760.jpg,1_5_13
98771.jpg,1_4_41
98776.jpg,5_18_7
98777.jpg,2_10_46
98794.jpg,5_19_2
98801.jpg,4_13_66
98807.jpg,4_13_25
98814.jpg,2_9_14
98818.jpg,4_13_66
98820.jpg,5_17_43
98826.jpg,0_0_68
98835.jpg,0_2_75
98838.jpg,1_8_0
98839.jpg,4_14_27
98857.jpg,5_17_43
98862.jpg,4_13_12
98865.jpg,2_9_24
98868.jpg,4_13_65
98871.jpg,0_2_40
98874.jpg,0_1_17
98888.jpg,4_13_25
98898.jpg,4_13_79
98909.jpg,1_7_67
98913.jpg,4_13_66
98914.jpg,2_9_53
98932.jpg,3_11_23
98933.jpg,5_17_43
98937.jpg,1_5_30
98943.jpg,5_17_69
98959.jpg,1_7_67
98960.jpg,1_6_58
98978.jpg,2_10_55
98982.jpg,1_7_49
98986.jpg,0_3_39
98988.jpg,4_14_38
98990.jpg,0_1_60
99002.jpg,3_11_32
99005.jpg,2_10_46
99009.jpg,4_14_10
99010.jpg,3_12_51
99015.jpg,4_14_38
99018.jpg,0_1_17
99019.jpg,5_17_69
99027.jpg,0_0_8
99032.jpg,1_5_13
99049.jpg,1_4_57
99080.jpg,1_7_34
99081.jpg,4_16_26
99083.jpg,3_11_64
99084.jpg,1_8_47
99094.jpg,0_1_17
99096.jpg,5_17_71
99102.jpg,4_13_12
99107.jpg,4_13_48
99108.jpg,2_9_24
99109.jpg,2_9_53
99118.jpg,0_2_21
99122.jpg,5_19_4
99124.jpg,5_17_5
99126.jpg,1_5_13
99149.jpg,4_13_80
99157.jpg,3_12_51
99160.jpg,0_2_40
99169.jpg,0_2_40
99184.jpg,1_6_76
99188.jpg,5_17_43
99204.jpg,4_15_54
99206.jpg,2_9_24
99210.jpg,0_2_40
99219.jpg,1_4_59
99221.jpg,4_13_25
99226.jpg,0_1_17
99234.jpg,2_10_46
99238.jpg,1_7_49
99258.jpg,4_16_15
99262.jpg,5_17_5
99264.jpg,0_2_31
99278.jpg,0_3_61
99286.jpg,2_9_24
99288.jpg,4_13_48
99299.jpg,4_15_56
99311.jpg,3_11_63
99312.jpg,5_18_7
99321.jpg,0_1_77
99322.jpg,4_13_25
99332.jpg,4_13_80
99346.jpg,1_8_35
99347.jpg,2_9_53
99349.jpg,3_11_23
99365.jpg,5_17_71
99366.jpg,1_4_57
99374.jpg,2_9_53
99378.jpg,1_4_57
99389.jpg,5_17_71
99391.jpg,0_0_18
99398.jpg,4_14_38
99405.jpg,1_7_52
99406.jpg,1_8_0
99413.jpg,3_11_32
99417.jpg,4_13_33
99421.jpg,4_13_12
99426.jpg,2_9_14
99430.jpg,5_19_4
99433.jpg,0_3_73
99444.jpg,5_19_2
99448.jpg,0_1_16
99466.jpg,0_2_22
99478.jpg,5_17_78
99490.jpg,0_3_62
99501.jpg,5_17_69
99502.jpg,0_2_81
99511.jpg,1_5_13
99513.jpg,4_13_25
99516.jpg,4_13_48
99517.jpg,3_11_23
99533.jpg,1_7_49
99534.jpg,0_2_31
99542.jpg,4_13_48
99558.jpg,4_13_66
99559.jpg,4_15_54
99561.jpg,2_9_24
99564.jpg,0_3_39
99574.jpg,2_9_24
99575.jpg,3_11_32
99595.jpg,5_19_2
99596.jpg,3_11_32
99597.jpg,1_5_30
99600.jpg,1_4_59
99612.jpg,3_11_37
99615.jpg,3_12_45
99622.jpg,1_5_1
99635.jpg,1_4_41
99652.jpg,3_11_32
99653.jpg,1_4_3
99658.jpg,4_13_12
99669.jpg,0_0_68
99672.jpg,1_5_13
99674.jpg,1_4_28
99679.jpg,0_1_36
99686.jpg,0_1_16
99690.jpg,2_9_53
99693.jpg,1_5_1
99695.jpg,0_2_29
99706.jpg,1_5_1
99707.jpg,0_1_17
99712.jpg,1_6_58
99713.jpg,1_8_0
99716.jpg,1_5_30
99717.jpg,4_16_15
99733.jpg,1_6_76
99736.jpg,1_6_58
99741.jpg,0_3_62
99748.jpg,0_2_21
99753.jpg,4_14_10
99755.jpg,1_8_47
99765.jpg,2_9_14
99766.jpg,2_9_14
99772.jpg,0_2_22
99790.jpg,1_5_13
99799.jpg,0_2_81
99803.jpg,1_4_57
99805.jpg,4_15_54
99825.jpg,2_9_14
99827.jpg,3_11_37
99837.jpg,0_3_61
99840.jpg,5_19_2
99847.jpg,0_3_73
99854.jpg,1_7_34
99858.jpg,4_13_48
99860.jpg,1_5_30
99868.jpg,4_16_15
99872.jpg,4_13_66
99876.jpg,2_9_14
99880.jpg,5_19_4
99883.jpg,5_17_5
99889.jpg,5_17_5
99892.jpg,5_17_5
99905.jpg,2_9_14
99906.jpg,2_9_53
99913.jpg,4_13_25
99919.jpg,4_13_65
99927.jpg,1_4_57
99934.jpg,2_9_14
99935.jpg,0_2_40
99936.jpg,3_12_45
99940.jpg,2_9_11
99941.jpg,1_4_59
99942.jpg,0_0_68
99947.jpg,1_8_0
99953.jpg,4_16_15
99961.jpg,1_5_1
99968.jpg,4_16_42
99969.jpg,1_6_76
99975.jpg,4_14_10
99981.jpg,2_9_53
99985.jpg,0_1_77
99988.jpg,0_3_73
